Customer_ID,Age,Tenure_Months,Monthly_Charges,Contract_Type,Support_Calls,Payment_Method,Internet_Service,Churn
C0001,40,4,1018,Month-to-month,5,UPI,DSL,Yes
C0002,54,38,674,Two year,3,Debit Card,Fiber,Yes
C0003,66,45,885,Month-to-month,6,Bank Transfer,No Internet,No
C0004,20,7,866,Month-to-month,0,Credit Card,DSL,Yes
C0005,19,50,1011,Month-to-month,0,Debit Card,Fiber,Yes
C0006,69,35,463,Month-to-month,6,Credit Card,No Internet,Yes
C0007,23,27,836,Two year,5,Debit Card,No Internet,No
C0008,18,2,579,Month-to-month,6,Bank Transfer,No Internet,Yes
C0009,49,3,452,One year,0,Bank Transfer,DSL,Yes
C0010,32,60,862,One year,3,Bank Transfer,No Internet,No
C0011,25,41,790,Month-to-month,7,UPI,No Internet,Yes
C0012,50,38,971,Month-to-month,8,UPI,No Internet,Yes
C0013,54,20,384,Month-to-month,2,Bank Transfer,DSL,No
C0014,23,42,720,Two year,1,Credit Card,DSL,No
C0015,65,57,395,Month-to-month,2,Bank Transfer,DSL,No
C0016,65,13,1170,Month-to-month,6,Bank Transfer,No Internet,Yes
C0017,36,21,1068,One year,4,UPI,Fiber,No
C0018,39,38,866,One year,6,Bank Transfer,Fiber,Yes
C0019,63,54,472,Month-to-month,10,Bank Transfer,No Internet,Yes
C0020,26,1,558,Two year,2,Credit Card,No Internet,Yes
C0021,20,2,515,Month-to-month,8,Bank Transfer,DSL,Yes
C0022,68,16,450,One year,10,UPI,DSL,No
C0023,64,51,943,Month-to-month,3,Credit Card,Fiber,No
C0024,49,4,321,Two year,0,UPI,Fiber,No
C0025,33,7,1193,Month-to-month,10,Bank Transfer,Fiber,Yes
C0026,30,52,775,One year,8,Bank Transfer,No Internet,No
C0027,63,26,611,Month-to-month,6,Bank Transfer,No Internet,Yes
C0028,41,3,996,Month-to-month,7,Bank Transfer,Fiber,Yes
C0029,67,36,476,Month-to-month,0,Bank Transfer,No Internet,No
C0030,37,60,764,One year,6,UPI,Fiber,No
C0031,56,16,382,One year,8,Debit Card,DSL,Yes
C0032,67,56,779,Two year,2,UPI,Fiber,No
C0033,29,23,352,Month-to-month,8,UPI,DSL,Yes
C0034,26,33,652,One year,2,Debit Card,Fiber,No
C0035,42,56,1056,One year,5,Bank Transfer,No Internet,No
C0036,26,18,801,Month-to-month,6,Credit Card,DSL,No
C0037,39,17,568,Month-to-month,7,Credit Card,Fiber,Yes
C0038,59,16,804,One year,4,Credit Card,No Internet,No
C0039,28,50,858,Month-to-month,7,Bank Transfer,Fiber,Yes
C0040,41,5,914,One year,1,Bank Transfer,No Internet,Yes
C0041,31,51,1031,Month-to-month,9,Bank Transfer,No Internet,Yes
C0042,47,11,675,Month-to-month,9,Debit Card,No Internet,Yes
C0043,53,51,517,Two year,10,Credit Card,No Internet,No
C0044,45,31,979,One year,6,Debit Card,No Internet,No
C0045,28,19,602,Two year,4,Bank Transfer,No Internet,No
C0046,42,47,1192,Month-to-month,1,Debit Card,No Internet,No
C0047,31,24,327,Month-to-month,3,Bank Transfer,DSL,No
C0048,37,5,1060,Two year,6,Bank Transfer,Fiber,Yes
C0049,34,26,865,Month-to-month,8,Credit Card,Fiber,No
C0050,47,20,894,One year,7,Bank Transfer,No Internet,No
C0051,41,22,606,One year,3,Credit Card,DSL,No
C0052,50,25,856,One year,1,UPI,DSL,Yes
C0053,54,39,949,Month-to-month,1,Debit Card,No Internet,No
C0054,60,60,999,Two year,5,Debit Card,No Internet,Yes
C0055,45,32,502,One year,1,Debit Card,Fiber,No
C0056,23,38,916,Month-to-month,9,UPI,No Internet,Yes
C0057,33,54,756,One year,1,Bank Transfer,Fiber,No
C0058,48,16,371,Month-to-month,9,UPI,Fiber,Yes
C0059,45,25,336,One year,8,Credit Card,No Internet,Yes
C0060,41,6,889,One year,8,UPI,No Internet,Yes
C0061,40,58,604,Month-to-month,1,Credit Card,No Internet,Yes
C0062,40,9,404,One year,2,Credit Card,No Internet,No
C0063,58,60,330,One year,4,Credit Card,Fiber,No
C0064,26,40,730,One year,7,Bank Transfer,No Internet,No
C0065,31,18,871,Month-to-month,10,Debit Card,Fiber,Yes
C0066,57,40,740,One year,10,Debit Card,Fiber,No
C0067,57,44,453,Month-to-month,8,Bank Transfer,DSL,No
C0068,18,3,479,Month-to-month,0,Debit Card,No Internet,Yes
C0069,50,54,877,Month-to-month,9,Debit Card,DSL,Yes
C0070,44,39,788,Month-to-month,1,Bank Transfer,No Internet,No
C0071,70,32,396,Month-to-month,10,UPI,DSL,Yes
C0072,47,21,307,Two year,8,Credit Card,No Internet,Yes
C0073,41,15,1005,Month-to-month,7,UPI,DSL,Yes
C0074,32,10,592,One year,4,UPI,Fiber,No
C0075,21,28,396,Month-to-month,8,Credit Card,DSL,No
C0076,43,59,845,Month-to-month,3,UPI,No Internet,Yes
C0077,69,41,424,Two year,3,Bank Transfer,DSL,No
C0078,49,7,709,Two year,5,Bank Transfer,No Internet,Yes
C0079,42,2,874,One year,4,Credit Card,No Internet,Yes
C0080,67,37,1012,Month-to-month,9,Debit Card,DSL,No
C0081,25,47,1184,Month-to-month,7,UPI,No Internet,Yes
C0082,32,43,799,Month-to-month,1,Debit Card,Fiber,No
C0083,35,1,757,One year,1,Credit Card,Fiber,No
C0084,49,19,1108,One year,1,Credit Card,No Internet,No
C0085,49,59,373,One year,5,Debit Card,DSL,No
C0086,70,15,642,Month-to-month,2,UPI,DSL,Yes
C0087,40,14,1174,Month-to-month,8,Credit Card,No Internet,Yes
C0088,46,58,1059,One year,7,Bank Transfer,Fiber,No
C0089,54,23,451,One year,4,Credit Card,DSL,No
C0090,20,30,614,Month-to-month,5,UPI,No Internet,Yes
C0091,50,51,312,Two year,1,UPI,No Internet,No
C0092,22,50,984,Month-to-month,1,UPI,Fiber,No
C0093,53,8,1022,Month-to-month,2,UPI,Fiber,No
C0094,39,41,717,Month-to-month,6,Debit Card,Fiber,No
C0095,66,1,729,Two year,2,Bank Transfer,DSL,No
C0096,43,58,833,Two year,8,Credit Card,Fiber,No
C0097,21,13,761,Month-to-month,0,Debit Card,DSL,No
C0098,35,35,659,One year,8,Credit Card,DSL,No
C0099,67,32,1169,Month-to-month,6,Credit Card,Fiber,Yes
C0100,51,41,812,Month-to-month,9,Credit Card,Fiber,Yes
C0101,29,6,608,Month-to-month,6,Debit Card,Fiber,Yes
C0102,22,4,1034,Month-to-month,7,Credit Card,No Internet,Yes
C0103,48,5,310,One year,6,Bank Transfer,DSL,No
C0104,67,41,1200,Month-to-month,0,Bank Transfer,DSL,No
C0105,39,27,894,Month-to-month,8,UPI,Fiber,No
C0106,49,11,422,Month-to-month,2,Debit Card,DSL,Yes
C0107,33,22,506,Two year,5,Credit Card,No Internet,Yes
C0108,39,40,579,One year,10,UPI,No Internet,Yes
C0109,34,28,517,Month-to-month,0,Debit Card,Fiber,No
C0110,51,16,1024,Two year,3,Debit Card,Fiber,No
C0111,61,7,565,Month-to-month,7,UPI,Fiber,Yes
C0112,30,41,980,One year,4,UPI,No Internet,Yes
C0113,38,12,1045,One year,3,Debit Card,DSL,Yes
C0114,47,6,1028,One year,2,UPI,No Internet,No
C0115,58,19,544,One year,7,Credit Card,Fiber,Yes
C0116,65,34,1023,Two year,10,Bank Transfer,Fiber,No
C0117,47,3,304,Month-to-month,3,Debit Card,No Internet,Yes
C0118,32,1,1002,Month-to-month,4,Bank Transfer,DSL,Yes
C0119,27,6,528,One year,10,Bank Transfer,No Internet,Yes
C0120,55,50,582,Month-to-month,4,Debit Card,DSL,No
C0121,19,45,403,Two year,7,Credit Card,Fiber,Yes
C0122,65,28,437,Two year,9,UPI,No Internet,No
C0123,19,11,690,Month-to-month,10,UPI,DSL,No
C0124,47,24,541,One year,2,Debit Card,Fiber,No
C0125,23,25,576,One year,8,Credit Card,DSL,No
C0126,30,21,810,Month-to-month,3,Bank Transfer,Fiber,Yes
C0127,18,58,527,Two year,9,Debit Card,Fiber,No
C0128,23,16,933,Month-to-month,1,Debit Card,No Internet,No
C0129,38,8,513,Two year,7,Credit Card,Fiber,No
C0130,49,51,709,One year,9,Debit Card,Fiber,No
C0131,38,43,1141,Two year,0,Bank Transfer,Fiber,No
C0132,48,56,347,Month-to-month,9,Bank Transfer,No Internet,No
C0133,44,32,577,Two year,9,Credit Card,Fiber,No
C0134,68,46,615,Month-to-month,4,Credit Card,No Internet,No
C0135,19,48,795,Month-to-month,7,Debit Card,DSL,No
C0136,45,26,675,Two year,7,UPI,DSL,Yes
C0137,49,46,488,Month-to-month,2,Credit Card,DSL,Yes
C0138,40,43,318,Two year,7,UPI,No Internet,No
C0139,64,37,1021,Two year,10,UPI,Fiber,No
C0140,33,39,603,Month-to-month,2,Credit Card,No Internet,No
C0141,34,20,870,Two year,0,Bank Transfer,No Internet,No
C0142,20,39,958,Month-to-month,4,Debit Card,Fiber,No
C0143,60,4,1181,One year,3,Credit Card,Fiber,No
C0144,48,38,848,Month-to-month,2,UPI,No Internet,No
C0145,34,39,507,One year,0,Debit Card,No Internet,No
C0146,40,55,1075,Two year,6,Debit Card,DSL,No
C0147,34,5,483,Two year,4,Debit Card,Fiber,Yes
C0148,50,42,1036,Month-to-month,4,UPI,DSL,No
C0149,25,10,965,One year,8,Bank Transfer,Fiber,No
C0150,62,59,590,Month-to-month,9,UPI,Fiber,Yes
C0151,60,3,403,Month-to-month,2,UPI,Fiber,No
C0152,70,25,777,Month-to-month,6,Debit Card,DSL,Yes
C0153,31,31,461,Month-to-month,5,UPI,No Internet,No
C0154,42,32,576,Month-to-month,3,Credit Card,Fiber,Yes
C0155,32,25,1065,Month-to-month,1,Debit Card,DSL,Yes
C0156,18,32,341,Two year,8,UPI,Fiber,Yes
C0157,54,42,1055,Two year,8,Debit Card,No Internet,Yes
C0158,38,54,806,Month-to-month,10,Debit Card,DSL,Yes
C0159,60,11,770,Month-to-month,10,Debit Card,DSL,No
C0160,53,24,958,Two year,4,UPI,DSL,No
C0161,39,19,405,Month-to-month,2,UPI,DSL,No
C0162,49,50,966,One year,2,Debit Card,DSL,Yes
C0163,20,59,771,Two year,6,Bank Transfer,No Internet,No
C0164,27,27,819,One year,2,Bank Transfer,No Internet,No
C0165,54,31,361,Month-to-month,9,UPI,DSL,Yes
C0166,32,15,605,Month-to-month,10,Bank Transfer,Fiber,No
C0167,68,45,1160,Two year,4,Debit Card,No Internet,Yes
C0168,62,5,788,One year,2,Debit Card,Fiber,No
C0169,66,59,649,One year,2,Debit Card,Fiber,No
C0170,39,18,572,One year,0,Bank Transfer,DSL,No
C0171,32,57,436,Month-to-month,8,Debit Card,No Internet,Yes
C0172,34,43,959,Month-to-month,5,Bank Transfer,DSL,Yes
C0173,18,59,602,Month-to-month,6,Bank Transfer,No Internet,Yes
C0174,26,1,877,Month-to-month,3,Debit Card,DSL,Yes
C0175,67,4,433,Two year,4,Credit Card,DSL,Yes
C0176,29,44,514,Month-to-month,1,Credit Card,No Internet,No
C0177,65,56,1013,Two year,4,Bank Transfer,No Internet,No
C0178,47,52,347,Two year,6,Debit Card,No Internet,Yes
C0179,43,5,1081,One year,4,Credit Card,No Internet,Yes
C0180,39,3,722,Month-to-month,6,Credit Card,No Internet,Yes
C0181,66,54,749,Two year,8,Debit Card,No Internet,No
C0182,62,30,1200,Month-to-month,10,Bank Transfer,DSL,Yes
C0183,64,42,919,Month-to-month,1,Bank Transfer,DSL,No
C0184,56,2,414,One year,2,Credit Card,No Internet,Yes
C0185,32,26,486,Month-to-month,1,UPI,No Internet,Yes
C0186,63,8,504,Two year,1,Debit Card,Fiber,No
C0187,45,22,1199,Month-to-month,8,Bank Transfer,DSL,Yes
C0188,19,57,411,Month-to-month,8,Debit Card,Fiber,Yes
C0189,46,53,920,Month-to-month,10,Debit Card,No Internet,Yes
C0190,59,41,348,Two year,8,Debit Card,No Internet,No
C0191,53,32,536,Month-to-month,4,Bank Transfer,DSL,No
C0192,55,43,1015,Two year,2,Debit Card,Fiber,No
C0193,40,55,606,Two year,9,Debit Card,DSL,No
C0194,65,51,700,Month-to-month,4,Debit Card,Fiber,No
C0195,44,56,727,Month-to-month,1,Credit Card,No Internet,Yes
C0196,37,39,920,Month-to-month,2,Debit Card,No Internet,No
C0197,36,57,516,Month-to-month,10,Bank Transfer,No Internet,No
C0198,66,31,978,Month-to-month,3,Debit Card,No Internet,Yes
C0199,55,36,486,Two year,5,Bank Transfer,Fiber,No
C0200,48,25,538,Month-to-month,4,Bank Transfer,Fiber,Yes
C0201,46,6,568,One year,1,Credit Card,Fiber,No
C0202,18,21,672,Month-to-month,6,Debit Card,No Internet,No
C0203,20,37,425,Month-to-month,3,Debit Card,DSL,No
C0204,25,13,1170,One year,8,Debit Card,Fiber,Yes
C0205,34,5,986,Two year,4,Debit Card,Fiber,Yes
C0206,30,44,731,Two year,1,Bank Transfer,Fiber,No
C0207,21,29,1041,One year,8,Credit Card,No Internet,Yes
C0208,58,1,791,Month-to-month,8,UPI,No Internet,No
C0209,44,49,915,Month-to-month,0,Credit Card,Fiber,Yes
C0210,59,37,693,Month-to-month,10,Credit Card,DSL,No
C0211,25,29,1143,Month-to-month,2,Bank Transfer,DSL,No
C0212,64,40,495,Month-to-month,5,UPI,No Internet,Yes
C0213,67,19,496,Month-to-month,7,Credit Card,Fiber,No
C0214,48,36,919,One year,0,Credit Card,DSL,Yes
C0215,63,33,474,Two year,7,UPI,No Internet,No
C0216,55,50,436,Month-to-month,4,Debit Card,Fiber,No
C0217,31,22,758,Month-to-month,6,UPI,Fiber,Yes
C0218,20,20,486,Two year,8,Bank Transfer,DSL,Yes
C0219,50,59,302,Two year,10,Credit Card,Fiber,No
C0220,29,37,1169,Month-to-month,1,Credit Card,DSL,Yes
C0221,60,10,886,Month-to-month,1,Bank Transfer,No Internet,Yes
C0222,69,42,423,Month-to-month,2,Credit Card,DSL,No
C0223,22,44,482,One year,10,Bank Transfer,No Internet,No
C0224,34,21,839,Month-to-month,4,Credit Card,Fiber,Yes
C0225,56,59,724,Month-to-month,0,Credit Card,No Internet,No
C0226,41,33,1135,One year,6,Debit Card,Fiber,Yes
C0227,19,25,457,Month-to-month,7,Bank Transfer,No Internet,No
C0228,40,17,831,Two year,3,Bank Transfer,No Internet,No
C0229,23,31,1150,Month-to-month,1,Credit Card,DSL,No
C0230,53,11,386,Month-to-month,8,Debit Card,No Internet,Yes
C0231,19,11,910,Two year,10,UPI,DSL,Yes
C0232,28,37,385,One year,1,UPI,No Internet,No
C0233,37,50,610,Month-to-month,3,Credit Card,Fiber,Yes
C0234,39,44,659,Month-to-month,10,UPI,No Internet,Yes
C0235,63,13,334,One year,5,UPI,No Internet,No
C0236,30,22,422,Two year,5,Bank Transfer,DSL,No
C0237,54,60,748,One year,0,Credit Card,No Internet,No
C0238,32,18,378,Month-to-month,10,Credit Card,Fiber,Yes
C0239,23,49,687,Two year,0,UPI,Fiber,No
C0240,57,16,862,Month-to-month,4,Credit Card,Fiber,No
C0241,70,52,553,One year,1,UPI,No Internet,No
C0242,61,52,996,Two year,7,Credit Card,DSL,No
C0243,37,35,592,Month-to-month,4,Bank Transfer,DSL,No
C0244,46,46,1112,Two year,8,Bank Transfer,DSL,No
C0245,62,31,818,One year,2,UPI,No Internet,Yes
C0246,35,8,651,One year,4,UPI,DSL,Yes
C0247,35,39,1156,One year,9,Bank Transfer,DSL,No
C0248,48,49,960,One year,4,Debit Card,DSL,No
C0249,34,24,1066,One year,6,Credit Card,No Internet,No
C0250,44,38,1039,Two year,0,UPI,DSL,Yes
C0251,24,29,1167,One year,0,Debit Card,Fiber,No
C0252,39,30,500,Month-to-month,5,Bank Transfer,DSL,No
C0253,39,1,826,One year,4,Credit Card,DSL,No
C0254,51,52,531,Month-to-month,6,Debit Card,No Internet,Yes
C0255,55,48,884,Month-to-month,8,UPI,Fiber,Yes
C0256,27,41,539,Two year,8,UPI,DSL,No
C0257,43,16,497,Month-to-month,4,Credit Card,Fiber,No
C0258,18,9,928,Two year,8,UPI,No Internet,Yes
C0259,61,51,1024,Two year,8,UPI,Fiber,Yes
C0260,51,36,734,One year,1,Credit Card,Fiber,No
C0261,57,56,1088,Month-to-month,7,Bank Transfer,No Internet,Yes
C0262,62,18,801,One year,6,UPI,No Internet,Yes
C0263,53,35,846,One year,9,Bank Transfer,Fiber,Yes
C0264,49,4,914,Month-to-month,4,UPI,DSL,No
C0265,43,38,361,Month-to-month,7,Bank Transfer,DSL,No
C0266,60,43,658,Two year,5,Credit Card,DSL,No
C0267,68,47,1012,Two year,5,Debit Card,No Internet,No
C0268,68,48,514,Month-to-month,5,Bank Transfer,No Internet,Yes
C0269,43,21,737,Month-to-month,7,Credit Card,DSL,No
C0270,34,16,1112,Month-to-month,9,Credit Card,DSL,Yes
C0271,52,42,379,Month-to-month,9,Bank Transfer,Fiber,No
C0272,36,58,1030,Two year,3,Credit Card,Fiber,Yes
C0273,61,33,591,Two year,4,Debit Card,DSL,No
C0274,70,33,966,Month-to-month,5,Debit Card,Fiber,Yes
C0275,43,28,626,One year,6,Credit Card,No Internet,No
C0276,41,58,718,Month-to-month,6,Debit Card,Fiber,No
C0277,32,26,374,Month-to-month,7,Debit Card,No Internet,No
C0278,36,52,619,One year,4,Credit Card,No Internet,No
C0279,65,20,309,Month-to-month,10,Credit Card,No Internet,No
C0280,50,8,726,Month-to-month,8,Credit Card,DSL,Yes
C0281,31,21,796,One year,1,Credit Card,DSL,No
C0282,29,26,903,Two year,10,Bank Transfer,DSL,Yes
C0283,36,56,867,Two year,1,Bank Transfer,No Internet,No
C0284,62,56,496,Month-to-month,8,Bank Transfer,Fiber,Yes
C0285,27,59,340,Month-to-month,9,Credit Card,No Internet,Yes
C0286,67,35,400,Month-to-month,2,Debit Card,DSL,No
C0287,32,41,1078,One year,8,UPI,DSL,Yes
C0288,26,52,741,Two year,8,Bank Transfer,Fiber,No
C0289,65,33,715,Month-to-month,4,UPI,DSL,No
C0290,29,20,1167,Month-to-month,8,Credit Card,Fiber,No
C0291,36,54,1101,Month-to-month,6,Bank Transfer,No Internet,Yes
C0292,62,43,656,Month-to-month,10,Debit Card,Fiber,Yes
C0293,33,43,1156,One year,0,Bank Transfer,Fiber,No
C0294,46,19,895,One year,4,Credit Card,DSL,Yes
C0295,40,53,509,Month-to-month,10,Credit Card,No Internet,No
C0296,66,39,359,Month-to-month,8,UPI,Fiber,No
C0297,66,4,533,Month-to-month,0,UPI,DSL,Yes
C0298,19,22,479,Month-to-month,10,Debit Card,DSL,Yes
C0299,50,18,665,One year,5,UPI,No Internet,No
C0300,52,1,993,Month-to-month,1,Bank Transfer,No Internet,Yes
C0301,58,36,466,One year,6,Bank Transfer,Fiber,Yes
C0302,19,56,656,Two year,2,Debit Card,No Internet,No
C0303,24,11,980,Month-to-month,4,UPI,No Internet,No
C0304,63,9,519,Month-to-month,8,Credit Card,No Internet,Yes
C0305,26,1,338,One year,10,Bank Transfer,No Internet,Yes
C0306,22,45,1124,Month-to-month,9,UPI,No Internet,Yes
C0307,27,49,944,Two year,4,Credit Card,DSL,No
C0308,20,55,629,One year,2,Credit Card,No Internet,No
C0309,33,50,761,Two year,2,Credit Card,No Internet,No
C0310,61,4,855,Month-to-month,5,Credit Card,DSL,Yes
C0311,56,6,1095,One year,6,Bank Transfer,Fiber,Yes
C0312,35,57,770,Month-to-month,6,UPI,DSL,No
C0313,27,58,1102,Month-to-month,1,Debit Card,No Internet,Yes
C0314,67,1,812,One year,9,Bank Transfer,No Internet,Yes
C0315,58,60,1026,One year,4,Bank Transfer,DSL,Yes
C0316,27,45,605,Two year,2,Bank Transfer,No Internet,Yes
C0317,18,56,380,Two year,4,Credit Card,No Internet,No
C0318,55,55,828,One year,10,Bank Transfer,DSL,No
C0319,36,30,856,Two year,8,Bank Transfer,Fiber,No
C0320,55,24,785,Month-to-month,7,UPI,DSL,No
C0321,53,35,360,Month-to-month,7,Debit Card,Fiber,Yes
C0322,48,30,897,Month-to-month,4,Debit Card,Fiber,No
C0323,28,28,626,Month-to-month,6,Bank Transfer,DSL,No
C0324,70,6,1183,One year,3,Credit Card,Fiber,Yes
C0325,39,43,781,Month-to-month,0,Bank Transfer,DSL,No
C0326,41,17,995,Month-to-month,1,UPI,Fiber,Yes
C0327,32,32,771,Two year,8,Bank Transfer,Fiber,Yes
C0328,57,33,955,Month-to-month,6,Credit Card,DSL,Yes
C0329,28,38,941,Two year,5,Bank Transfer,DSL,No
C0330,19,29,1122,Month-to-month,9,Bank Transfer,No Internet,Yes
C0331,44,28,825,Month-to-month,2,Debit Card,No Internet,Yes
C0332,45,60,589,One year,7,Credit Card,Fiber,No
C0333,48,26,1109,Month-to-month,7,Credit Card,Fiber,Yes
C0334,63,15,595,Month-to-month,8,Bank Transfer,Fiber,No
C0335,69,51,703,One year,4,Bank Transfer,Fiber,No
C0336,31,12,793,One year,3,UPI,No Internet,No
C0337,64,59,427,Month-to-month,10,UPI,No Internet,Yes
C0338,68,32,1096,Month-to-month,8,Credit Card,No Internet,Yes
C0339,23,13,492,One year,1,Bank Transfer,No Internet,No
C0340,67,3,665,One year,5,Bank Transfer,DSL,Yes
C0341,69,4,638,Month-to-month,4,Debit Card,DSL,Yes
C0342,53,40,557,Two year,3,Credit Card,No Internet,No
C0343,59,32,585,Month-to-month,8,UPI,DSL,No
C0344,48,51,736,Month-to-month,10,UPI,Fiber,Yes
C0345,24,57,846,Month-to-month,4,UPI,DSL,No
C0346,25,9,845,One year,8,Debit Card,Fiber,Yes
C0347,50,54,940,Two year,1,Bank Transfer,No Internet,No
C0348,18,32,1125,One year,3,Bank Transfer,DSL,No
C0349,46,43,1110,One year,10,UPI,DSL,Yes
C0350,25,19,1140,One year,0,Debit Card,DSL,No
C0351,27,44,467,Two year,3,Bank Transfer,No Internet,No
C0352,29,19,352,Month-to-month,4,Bank Transfer,DSL,Yes
C0353,45,47,427,Month-to-month,4,Credit Card,No Internet,Yes
C0354,45,14,979,Two year,4,Bank Transfer,DSL,Yes
C0355,29,11,831,Month-to-month,4,UPI,No Internet,No
C0356,70,3,747,Month-to-month,1,Credit Card,No Internet,No
C0357,26,45,647,One year,7,UPI,Fiber,No
C0358,36,44,590,One year,5,UPI,Fiber,No
C0359,58,7,614,Month-to-month,10,Credit Card,No Internet,Yes
C0360,23,1,596,Two year,2,Bank Transfer,DSL,No
C0361,50,41,634,Two year,6,UPI,No Internet,No
C0362,25,13,1096,Month-to-month,2,Credit Card,Fiber,Yes
C0363,60,1,829,Two year,5,Bank Transfer,Fiber,No
C0364,39,54,849,Month-to-month,1,Credit Card,Fiber,No
C0365,56,22,676,One year,8,Credit Card,Fiber,No
C0366,68,19,675,Month-to-month,0,Debit Card,Fiber,No
C0367,58,53,706,One year,8,Bank Transfer,Fiber,No
C0368,49,28,567,Month-to-month,2,Bank Transfer,No Internet,No
C0369,38,12,1121,One year,2,Debit Card,DSL,No
C0370,50,29,1023,Month-to-month,2,UPI,Fiber,Yes
C0371,41,23,486,Month-to-month,2,Debit Card,Fiber,No
C0372,59,31,594,Month-to-month,6,Bank Transfer,DSL,Yes
C0373,59,58,904,Two year,9,Debit Card,Fiber,No
C0374,47,18,515,One year,8,Debit Card,DSL,No
C0375,57,55,796,Two year,7,Credit Card,DSL,Yes
C0376,67,33,742,Two year,7,Debit Card,No Internet,No
C0377,54,2,695,One year,0,Debit Card,DSL,No
C0378,64,36,899,Two year,9,Debit Card,No Internet,Yes
C0379,47,5,630,Month-to-month,1,UPI,No Internet,No
C0380,57,59,755,Month-to-month,5,Bank Transfer,No Internet,No
C0381,70,25,676,Two year,10,Bank Transfer,Fiber,No
C0382,19,19,818,One year,1,UPI,DSL,No
C0383,33,49,924,Month-to-month,9,Bank Transfer,Fiber,Yes
C0384,37,2,992,Month-to-month,7,Credit Card,No Internet,Yes
C0385,69,7,572,Two year,9,Debit Card,DSL,Yes
C0386,65,51,884,One year,1,UPI,DSL,No
C0387,53,54,489,Month-to-month,9,Bank Transfer,Fiber,No
C0388,41,7,453,One year,6,Bank Transfer,DSL,Yes
C0389,50,36,1049,Month-to-month,1,UPI,Fiber,No
C0390,69,59,400,Month-to-month,1,Debit Card,Fiber,No
C0391,66,4,511,Month-to-month,3,Bank Transfer,DSL,Yes
C0392,50,32,737,One year,6,UPI,Fiber,No
C0393,51,4,593,Month-to-month,3,Credit Card,DSL,No
C0394,60,38,814,Month-to-month,10,Debit Card,No Internet,No
C0395,35,44,492,One year,10,Debit Card,No Internet,No
C0396,43,25,580,Month-to-month,8,Bank Transfer,Fiber,No
C0397,40,12,778,One year,8,Debit Card,DSL,No
C0398,19,53,413,Month-to-month,9,Bank Transfer,No Internet,Yes
C0399,58,18,900,Month-to-month,4,Credit Card,No Internet,No
C0400,52,30,520,Two year,4,UPI,DSL,Yes
C0401,33,25,1074,Month-to-month,8,Debit Card,Fiber,Yes
C0402,22,50,1124,Month-to-month,10,UPI,No Internet,Yes
C0403,61,30,802,One year,10,Bank Transfer,Fiber,No
C0404,52,45,806,Month-to-month,5,UPI,Fiber,No
C0405,55,31,877,Month-to-month,9,Credit Card,Fiber,Yes
C0406,65,18,379,One year,3,Bank Transfer,DSL,No
C0407,45,25,973,Month-to-month,3,Credit Card,No Internet,Yes
C0408,69,8,504,One year,1,Credit Card,Fiber,No
C0409,46,20,1115,Two year,2,Debit Card,No Internet,No
C0410,29,26,884,Month-to-month,7,Credit Card,Fiber,Yes
C0411,64,51,917,Month-to-month,9,Bank Transfer,DSL,No
C0412,44,26,1109,Month-to-month,7,Bank Transfer,DSL,No
C0413,52,21,875,Month-to-month,8,Credit Card,No Internet,No
C0414,55,49,473,Two year,9,UPI,DSL,No
C0415,61,41,442,Month-to-month,10,Bank Transfer,DSL,Yes
C0416,39,37,346,Month-to-month,2,Credit Card,DSL,Yes
C0417,41,57,884,One year,0,Bank Transfer,No Internet,No
C0418,47,11,1027,Two year,0,Bank Transfer,Fiber,Yes
C0419,46,52,740,Month-to-month,7,Credit Card,No Internet,Yes
C0420,45,48,439,Month-to-month,7,Bank Transfer,Fiber,Yes
C0421,25,3,915,One year,8,Bank Transfer,No Internet,Yes
C0422,47,50,693,Month-to-month,4,UPI,Fiber,Yes
C0423,66,16,1162,One year,8,Credit Card,DSL,No
C0424,51,13,571,One year,8,Credit Card,No Internet,No
C0425,56,26,638,Month-to-month,10,Bank Transfer,No Internet,Yes
C0426,26,27,555,One year,0,Debit Card,DSL,No
C0427,64,6,1085,Month-to-month,10,Bank Transfer,DSL,Yes
C0428,37,20,341,Two year,6,UPI,Fiber,No
C0429,36,35,797,Two year,0,Credit Card,No Internet,Yes
C0430,45,26,789,Month-to-month,9,Debit Card,Fiber,Yes
C0431,70,48,1089,Month-to-month,0,Bank Transfer,No Internet,No
C0432,40,17,1195,Month-to-month,9,Debit Card,Fiber,Yes
C0433,44,43,965,Month-to-month,10,UPI,DSL,No
C0434,60,18,1159,Month-to-month,4,Debit Card,No Internet,No
C0435,42,3,1005,Month-to-month,2,Debit Card,No Internet,Yes
C0436,24,49,471,Month-to-month,3,Credit Card,DSL,Yes
C0437,68,37,426,Month-to-month,3,Bank Transfer,No Internet,Yes
C0438,60,48,696,One year,3,Credit Card,DSL,No
C0439,29,15,528,One year,6,Credit Card,Fiber,No
C0440,57,23,850,Two year,5,UPI,No Internet,No
C0441,68,44,655,Month-to-month,9,Credit Card,No Internet,Yes
C0442,68,35,1087,One year,2,UPI,DSL,No
C0443,58,12,475,Month-to-month,8,Credit Card,No Internet,Yes
C0444,53,59,314,Two year,6,UPI,No Internet,No
C0445,19,55,977,Month-to-month,1,Credit Card,Fiber,No
C0446,59,55,468,Month-to-month,10,Bank Transfer,DSL,No
C0447,51,17,545,Month-to-month,5,Credit Card,Fiber,Yes
C0448,26,36,772,Month-to-month,3,Credit Card,Fiber,No
C0449,50,34,813,One year,2,Credit Card,DSL,No
C0450,25,58,976,One year,5,Credit Card,Fiber,Yes
C0451,26,26,988,One year,4,Debit Card,DSL,No
C0452,27,45,1183,Month-to-month,8,UPI,DSL,Yes
C0453,42,59,673,Two year,8,Debit Card,Fiber,No
C0454,22,43,852,One year,6,Credit Card,DSL,No
C0455,22,31,891,Month-to-month,9,UPI,DSL,Yes
C0456,21,34,846,Month-to-month,3,Credit Card,No Internet,Yes
C0457,42,15,636,Two year,0,Credit Card,DSL,No
C0458,49,49,1049,Two year,3,Debit Card,No Internet,No
C0459,47,29,900,One year,5,Debit Card,DSL,No
C0460,67,8,641,Month-to-month,7,Bank Transfer,No Internet,Yes
C0461,37,48,426,One year,7,Bank Transfer,DSL,No
C0462,70,34,1190,One year,4,Debit Card,No Internet,Yes
C0463,44,59,1079,Two year,10,Debit Card,Fiber,Yes
C0464,38,2,599,Two year,1,Debit Card,No Internet,Yes
C0465,31,36,382,One year,6,UPI,DSL,Yes
C0466,56,32,590,Month-to-month,10,UPI,Fiber,Yes
C0467,53,34,532,Two year,5,UPI,Fiber,No
C0468,18,50,997,One year,9,Credit Card,Fiber,Yes
C0469,32,14,870,One year,2,Bank Transfer,No Internet,No
C0470,24,41,584,Two year,2,Debit Card,DSL,No
C0471,48,34,967,One year,7,Credit Card,Fiber,No
C0472,32,54,453,Two year,2,Bank Transfer,DSL,No
C0473,53,52,865,Month-to-month,6,Debit Card,DSL,Yes
C0474,43,14,953,Two year,10,Bank Transfer,DSL,Yes
C0475,18,50,307,One year,3,Credit Card,No Internet,No
C0476,23,8,781,Month-to-month,7,Bank Transfer,No Internet,No
C0477,31,15,986,Two year,3,Credit Card,DSL,No
C0478,41,35,906,Month-to-month,5,Credit Card,No Internet,Yes
C0479,65,23,354,One year,6,UPI,Fiber,No
C0480,24,1,506,Two year,10,Debit Card,Fiber,Yes
C0481,34,39,1195,Month-to-month,8,UPI,No Internet,Yes
C0482,47,47,562,Month-to-month,9,UPI,No Internet,No
C0483,34,2,325,Month-to-month,10,UPI,Fiber,Yes
C0484,22,21,979,Two year,10,UPI,DSL,No
C0485,39,25,943,One year,1,Bank Transfer,DSL,No
C0486,33,32,361,Month-to-month,2,Credit Card,Fiber,Yes
C0487,53,20,1084,Month-to-month,5,Debit Card,No Internet,Yes
C0488,68,45,399,Month-to-month,2,Bank Transfer,No Internet,No
C0489,21,44,1052,Month-to-month,6,Debit Card,DSL,No
C0490,62,6,836,One year,3,Credit Card,DSL,Yes
C0491,26,38,321,Month-to-month,8,Debit Card,DSL,No
C0492,47,16,302,Month-to-month,3,Credit Card,Fiber,Yes
C0493,58,29,473,Month-to-month,8,Bank Transfer,No Internet,Yes
C0494,24,17,850,Month-to-month,9,Debit Card,DSL,No
C0495,67,7,641,Month-to-month,0,Debit Card,DSL,Yes
C0496,63,39,499,Month-to-month,6,Credit Card,DSL,No
C0497,58,40,1039,One year,1,Debit Card,Fiber,Yes
C0498,38,60,514,Month-to-month,5,UPI,Fiber,No
C0499,36,1,557,Two year,9,Credit Card,Fiber,Yes
C0500,27,4,936,Two year,9,UPI,DSL,Yes
C0501,30,15,1023,Two year,10,Credit Card,DSL,No
C0502,27,36,772,One year,1,Credit Card,DSL,No
C0503,28,9,656,One year,10,Bank Transfer,Fiber,Yes
C0504,49,31,1026,Month-to-month,0,UPI,DSL,No
C0505,69,51,1042,One year,5,Debit Card,DSL,No
C0506,45,39,838,Two year,7,Debit Card,DSL,No
C0507,45,48,709,Month-to-month,10,Credit Card,Fiber,No
C0508,41,40,675,Month-to-month,10,UPI,Fiber,Yes
C0509,24,8,859,Month-to-month,9,UPI,Fiber,Yes
C0510,53,18,852,One year,7,Bank Transfer,DSL,No
C0511,33,36,505,Month-to-month,4,Debit Card,Fiber,No
C0512,30,24,1173,Month-to-month,3,Credit Card,DSL,Yes
C0513,62,42,932,Month-to-month,7,Bank Transfer,DSL,Yes
C0514,46,15,801,One year,7,Credit Card,DSL,No
C0515,63,45,594,Two year,2,UPI,DSL,No
C0516,26,19,1140,One year,7,Debit Card,No Internet,No
C0517,52,39,577,Month-to-month,5,Credit Card,Fiber,No
C0518,36,17,935,Two year,5,Debit Card,Fiber,No
C0519,65,5,680,Month-to-month,3,UPI,Fiber,No
C0520,29,26,789,One year,8,Debit Card,DSL,No
C0521,65,42,991,Month-to-month,9,Credit Card,No Internet,Yes
C0522,40,52,1121,One year,9,Bank Transfer,Fiber,Yes
C0523,49,44,904,Month-to-month,5,Credit Card,No Internet,No
C0524,38,37,948,Month-to-month,10,UPI,Fiber,No
C0525,70,38,822,Two year,5,Credit Card,No Internet,No
C0526,30,3,1007,One year,5,Debit Card,DSL,No
C0527,25,43,607,Month-to-month,2,UPI,No Internet,No
C0528,38,30,842,Month-to-month,9,Bank Transfer,Fiber,Yes
C0529,29,9,361,Two year,10,Bank Transfer,No Internet,No
C0530,47,1,1102,Month-to-month,7,Bank Transfer,DSL,Yes
C0531,26,23,854,Month-to-month,3,UPI,DSL,No
C0532,46,4,846,One year,10,UPI,Fiber,No
C0533,58,3,928,One year,7,Debit Card,No Internet,No
C0534,19,39,896,One year,10,Bank Transfer,DSL,No
C0535,63,50,1009,One year,4,Debit Card,Fiber,No
C0536,51,45,1003,Two year,1,Bank Transfer,Fiber,No
C0537,43,8,438,Month-to-month,9,Debit Card,No Internet,Yes
C0538,30,49,735,Two year,5,Debit Card,DSL,No
C0539,26,20,558,Month-to-month,0,Bank Transfer,DSL,Yes
C0540,45,21,959,Two year,3,UPI,No Internet,Yes
C0541,52,22,413,Two year,10,Credit Card,Fiber,No
C0542,41,58,1093,Month-to-month,2,UPI,No Internet,No
C0543,32,59,561,Month-to-month,4,Bank Transfer,Fiber,Yes
C0544,18,40,461,Two year,5,Bank Transfer,Fiber,No
C0545,64,16,987,Month-to-month,7,Bank Transfer,Fiber,Yes
C0546,35,34,870,Month-to-month,9,Debit Card,DSL,No
C0547,56,54,1023,Two year,9,Credit Card,DSL,No
C0548,18,36,838,One year,1,Debit Card,No Internet,No
C0549,51,60,954,Month-to-month,0,UPI,DSL,No
C0550,21,5,730,Two year,8,Debit Card,No Internet,No
C0551,59,33,423,One year,5,Credit Card,Fiber,No
C0552,38,30,883,Month-to-month,6,Bank Transfer,DSL,No
C0553,49,58,708,One year,9,Bank Transfer,No Internet,No
C0554,41,46,529,One year,9,Credit Card,No Internet,No
C0555,29,13,646,Two year,4,Bank Transfer,DSL,No
C0556,34,10,452,One year,10,UPI,DSL,Yes
C0557,49,30,539,One year,1,UPI,No Internet,No
C0558,49,58,592,Two year,5,Bank Transfer,No Internet,No
C0559,38,54,745,Month-to-month,9,Debit Card,Fiber,No
C0560,51,51,645,One year,9,UPI,No Internet,Yes
C0561,61,4,1023,Two year,0,Debit Card,DSL,Yes
C0562,26,35,976,One year,9,UPI,DSL,Yes
C0563,28,18,947,One year,3,Bank Transfer,Fiber,Yes
C0564,31,52,634,Month-to-month,3,Debit Card,DSL,No
C0565,20,41,431,One year,4,Debit Card,No Internet,Yes
C0566,39,25,465,Two year,2,Bank Transfer,Fiber,No
C0567,42,33,861,Month-to-month,4,Debit Card,No Internet,Yes
C0568,64,52,572,Two year,6,UPI,Fiber,No
C0569,27,12,390,Month-to-month,2,Bank Transfer,DSL,Yes
C0570,22,23,1169,Two year,7,Bank Transfer,DSL,No
C0571,63,18,392,Month-to-month,7,Debit Card,Fiber,Yes
C0572,63,30,693,Month-to-month,2,Bank Transfer,DSL,No
C0573,61,16,435,Month-to-month,7,Credit Card,No Internet,No
C0574,66,6,374,Month-to-month,10,UPI,DSL,No
C0575,50,12,864,Two year,5,Debit Card,DSL,No
C0576,20,29,1055,Month-to-month,4,Debit Card,No Internet,Yes
C0577,35,31,508,Two year,1,Bank Transfer,DSL,No
C0578,27,46,317,One year,1,UPI,DSL,No
C0579,36,57,1052,Month-to-month,0,UPI,No Internet,Yes
C0580,57,60,1026,Month-to-month,3,Bank Transfer,Fiber,No
C0581,38,21,717,Month-to-month,0,Debit Card,No Internet,No
C0582,60,60,1162,Month-to-month,8,UPI,DSL,Yes
C0583,26,9,895,Month-to-month,8,Credit Card,DSL,Yes
C0584,39,35,739,One year,7,Credit Card,Fiber,No
C0585,44,41,1095,Month-to-month,5,Credit Card,No Internet,Yes
C0586,39,59,887,One year,2,Credit Card,No Internet,No
C0587,21,11,676,Month-to-month,6,Credit Card,DSL,Yes
C0588,54,10,907,One year,0,UPI,No Internet,Yes
C0589,46,51,531,Month-to-month,2,Bank Transfer,DSL,No
C0590,21,24,1127,One year,6,Debit Card,Fiber,Yes
C0591,63,5,963,Two year,1,Bank Transfer,Fiber,Yes
C0592,31,6,1179,Two year,3,Debit Card,No Internet,No
C0593,29,1,555,One year,6,Debit Card,Fiber,No
C0594,59,47,1061,Month-to-month,4,UPI,Fiber,Yes
C0595,70,43,904,Month-to-month,0,Bank Transfer,DSL,No
C0596,35,44,916,Two year,4,Bank Transfer,Fiber,No
C0597,70,16,336,Month-to-month,6,Bank Transfer,Fiber,Yes
C0598,44,19,1190,Month-to-month,7,UPI,Fiber,No
C0599,42,3,555,One year,2,Bank Transfer,Fiber,No
C0600,57,45,835,Month-to-month,7,Credit Card,DSL,Yes
C0601,33,14,485,Two year,6,Credit Card,DSL,Yes
C0602,61,23,936,One year,3,Credit Card,DSL,No
C0603,37,54,523,One year,5,Bank Transfer,No Internet,No
C0604,31,9,549,Month-to-month,0,UPI,DSL,No
C0605,28,12,404,One year,10,Debit Card,No Internet,No
C0606,68,12,1097,Month-to-month,7,Bank Transfer,No Internet,No
C0607,31,55,931,Month-to-month,0,Bank Transfer,No Internet,No
C0608,25,52,343,One year,10,Debit Card,Fiber,No
C0609,67,12,738,One year,9,Bank Transfer,DSL,No
C0610,41,37,1018,Month-to-month,10,Debit Card,No Internet,No
C0611,60,39,1047,Two year,0,Debit Card,DSL,No
C0612,26,20,762,Two year,8,Bank Transfer,DSL,No
C0613,62,50,944,Month-to-month,4,Debit Card,No Internet,No
C0614,23,58,1123,Month-to-month,9,Bank Transfer,No Internet,No
C0615,44,44,1009,Month-to-month,4,Debit Card,DSL,Yes
C0616,70,5,399,One year,9,UPI,No Internet,Yes
C0617,45,44,653,Month-to-month,4,UPI,No Internet,No
C0618,67,55,547,Two year,1,UPI,Fiber,No
C0619,58,44,658,One year,3,Debit Card,No Internet,No
C0620,26,5,538,Two year,10,Credit Card,DSL,No
C0621,24,45,1047,One year,4,UPI,Fiber,No
C0622,27,23,349,One year,2,Bank Transfer,No Internet,No
C0623,49,57,533,Two year,8,Bank Transfer,DSL,No
C0624,21,35,734,One year,8,UPI,Fiber,Yes
C0625,27,35,837,One year,5,UPI,No Internet,Yes
C0626,55,38,711,Two year,1,Credit Card,No Internet,No
C0627,29,40,832,Two year,1,Bank Transfer,Fiber,No
C0628,53,19,948,Month-to-month,0,Credit Card,Fiber,Yes
C0629,27,38,1096,Month-to-month,2,Credit Card,No Internet,No
C0630,19,10,776,Month-to-month,2,Bank Transfer,DSL,No
C0631,45,39,1121,Month-to-month,3,Credit Card,Fiber,No
C0632,57,1,868,Month-to-month,2,Credit Card,Fiber,Yes
C0633,55,16,1118,One year,10,UPI,No Internet,Yes
C0634,53,42,317,Two year,7,Bank Transfer,DSL,No
C0635,55,33,403,Month-to-month,9,Bank Transfer,No Internet,No
C0636,45,28,497,Month-to-month,2,Credit Card,DSL,No
C0637,61,1,1141,Month-to-month,2,Debit Card,Fiber,Yes
C0638,30,20,913,One year,2,UPI,DSL,No
C0639,54,20,550,Month-to-month,0,Debit Card,No Internet,No
C0640,56,38,953,Month-to-month,6,Credit Card,No Internet,Yes
C0641,37,14,1044,Two year,4,Credit Card,Fiber,No
C0642,54,4,703,Month-to-month,2,UPI,DSL,Yes
C0643,31,20,438,One year,10,Credit Card,No Internet,No
C0644,67,5,856,Month-to-month,8,Bank Transfer,Fiber,Yes
C0645,33,26,656,Month-to-month,5,Debit Card,No Internet,No
C0646,39,38,1157,Month-to-month,10,Bank Transfer,Fiber,No
C0647,25,18,339,Two year,10,Debit Card,DSL,No
C0648,62,55,610,Month-to-month,5,UPI,No Internet,No
C0649,68,36,1196,One year,2,Debit Card,DSL,Yes
C0650,26,51,1162,One year,4,Debit Card,DSL,Yes
C0651,50,18,1170,One year,3,UPI,No Internet,No
C0652,59,51,705,Month-to-month,6,Bank Transfer,DSL,No
C0653,35,32,761,Month-to-month,0,Bank Transfer,Fiber,No
C0654,63,6,964,One year,10,UPI,DSL,Yes
C0655,69,8,908,One year,10,Debit Card,Fiber,Yes
C0656,48,47,351,Two year,9,Debit Card,Fiber,No
C0657,47,31,866,Month-to-month,2,Credit Card,Fiber,No
C0658,21,10,855,Month-to-month,7,Debit Card,Fiber,Yes
C0659,54,18,538,One year,9,Bank Transfer,DSL,Yes
C0660,21,53,473,Two year,10,Debit Card,Fiber,No
C0661,51,45,598,One year,4,UPI,No Internet,No
C0662,28,7,821,Two year,9,Credit Card,No Internet,Yes
C0663,31,48,1006,Two year,8,Credit Card,No Internet,Yes
C0664,64,23,828,Month-to-month,9,Credit Card,No Internet,No
C0665,68,4,548,Month-to-month,9,UPI,DSL,No
C0666,35,24,889,Month-to-month,10,Debit Card,No Internet,Yes
C0667,32,43,467,Month-to-month,0,UPI,DSL,No
C0668,52,35,387,Month-to-month,3,UPI,No Internet,No
C0669,36,23,1108,Month-to-month,8,Credit Card,Fiber,No
C0670,70,17,462,Month-to-month,5,UPI,Fiber,No
C0671,26,20,640,Month-to-month,7,Debit Card,DSL,No
C0672,69,48,1093,One year,7,UPI,Fiber,No
C0673,26,4,588,Month-to-month,5,Bank Transfer,Fiber,Yes
C0674,69,21,477,One year,10,Debit Card,DSL,No
C0675,48,28,308,One year,0,Bank Transfer,No Internet,No
C0676,48,26,849,Two year,1,Debit Card,DSL,Yes
C0677,37,29,800,Month-to-month,2,Credit Card,Fiber,No
C0678,29,36,778,Two year,2,Debit Card,DSL,No
C0679,47,15,400,One year,5,Credit Card,No Internet,Yes
C0680,56,3,1156,Month-to-month,2,UPI,DSL,Yes
C0681,32,23,440,Month-to-month,8,Bank Transfer,No Internet,No
C0682,29,24,470,Month-to-month,9,Debit Card,DSL,No
C0683,35,21,850,One year,9,Bank Transfer,Fiber,No
C0684,27,12,1035,One year,1,Debit Card,DSL,No
C0685,60,8,503,One year,5,UPI,DSL,Yes
C0686,55,14,569,Month-to-month,2,Credit Card,No Internet,Yes
C0687,64,9,1131,Month-to-month,0,Credit Card,DSL,No
C0688,21,17,1138,Month-to-month,3,UPI,No Internet,No
C0689,34,26,599,Two year,1,Debit Card,Fiber,No
C0690,64,7,814,Month-to-month,0,Bank Transfer,Fiber,Yes
C0691,44,9,332,Two year,8,Bank Transfer,No Internet,No
C0692,51,56,607,Month-to-month,8,Bank Transfer,No Internet,No
C0693,55,26,1023,Month-to-month,2,Bank Transfer,No Internet,Yes
C0694,55,44,1124,Two year,7,Credit Card,DSL,Yes
C0695,56,27,946,One year,9,Bank Transfer,No Internet,Yes
C0696,28,27,966,Month-to-month,2,Credit Card,DSL,No
C0697,60,38,1093,Month-to-month,1,Debit Card,DSL,Yes
C0698,30,57,683,One year,6,UPI,DSL,Yes
C0699,36,59,333,One year,2,Credit Card,Fiber,No
C0700,28,12,519,Month-to-month,7,Bank Transfer,No Internet,No
C0701,30,46,578,Month-to-month,7,UPI,Fiber,Yes
C0702,32,21,1138,Two year,6,Credit Card,Fiber,Yes
C0703,63,33,733,Month-to-month,5,Debit Card,DSL,Yes
C0704,52,1,630,One year,8,UPI,Fiber,Yes
C0705,43,48,953,Month-to-month,4,Credit Card,DSL,No
C0706,22,6,938,Month-to-month,7,UPI,DSL,No
C0707,65,20,470,Month-to-month,5,UPI,No Internet,No
C0708,27,38,438,Two year,4,Debit Card,No Internet,No
C0709,56,60,916,Two year,1,Debit Card,Fiber,No
C0710,66,18,763,One year,6,UPI,DSL,No
C0711,33,24,1115,One year,0,Credit Card,DSL,No
C0712,47,50,464,One year,2,Debit Card,Fiber,No
C0713,57,12,562,One year,8,Credit Card,DSL,Yes
C0714,45,23,819,Two year,4,Credit Card,Fiber,No
C0715,63,7,1012,Month-to-month,2,UPI,No Internet,No
C0716,38,42,1102,Two year,0,Credit Card,No Internet,No
C0717,31,30,1019,One year,6,Credit Card,No Internet,No
C0718,57,41,1149,One year,4,Bank Transfer,DSL,Yes
C0719,65,9,735,Two year,8,Credit Card,No Internet,No
C0720,37,42,331,Month-to-month,3,Credit Card,DSL,Yes
C0721,49,53,854,Month-to-month,9,Bank Transfer,DSL,No
C0722,26,44,470,Month-to-month,0,Debit Card,DSL,No
C0723,21,17,815,Month-to-month,6,UPI,DSL,Yes
C0724,30,59,869,Month-to-month,6,UPI,DSL,No
C0725,38,57,749,Two year,7,Debit Card,Fiber,No
C0726,29,10,772,Month-to-month,8,UPI,Fiber,No
C0727,20,54,1128,Two year,10,UPI,Fiber,No
C0728,58,17,1137,Month-to-month,10,UPI,DSL,No
C0729,38,31,792,Month-to-month,3,Debit Card,Fiber,No
C0730,70,28,1191,One year,2,UPI,DSL,No
C0731,46,43,404,One year,4,Bank Transfer,No Internet,No
C0732,52,51,660,Month-to-month,1,Bank Transfer,Fiber,No
C0733,30,36,1116,Month-to-month,0,Debit Card,DSL,Yes
C0734,59,47,682,Month-to-month,0,UPI,Fiber,No
C0735,52,39,1145,Month-to-month,6,UPI,No Internet,Yes
C0736,46,30,482,Two year,0,Debit Card,Fiber,No
C0737,28,40,805,Month-to-month,1,Debit Card,No Internet,No
C0738,50,10,403,Month-to-month,9,Credit Card,No Internet,No
C0739,44,15,745,One year,1,Debit Card,Fiber,No
C0740,60,45,933,Month-to-month,7,Debit Card,No Internet,No
C0741,30,4,974,Two year,3,UPI,DSL,No
C0742,29,54,837,One year,1,Debit Card,No Internet,Yes
C0743,65,30,1110,Month-to-month,0,UPI,No Internet,No
C0744,44,31,1015,One year,0,UPI,No Internet,No
C0745,27,49,760,Month-to-month,2,Bank Transfer,Fiber,No
C0746,59,47,813,One year,5,Bank Transfer,Fiber,Yes
C0747,20,46,300,Month-to-month,4,Credit Card,No Internet,Yes
C0748,40,53,894,Two year,3,Credit Card,No Internet,No
C0749,59,20,691,Month-to-month,2,Bank Transfer,No Internet,No
C0750,39,29,550,One year,8,Credit Card,Fiber,No
C0751,54,25,757,Month-to-month,1,Credit Card,No Internet,No
C0752,43,36,611,Month-to-month,5,UPI,No Internet,Yes
C0753,29,21,699,One year,4,Credit Card,DSL,No
C0754,51,27,333,Month-to-month,5,Credit Card,No Internet,Yes
C0755,52,37,518,Month-to-month,9,UPI,No Internet,No
C0756,58,44,918,Month-to-month,2,Bank Transfer,Fiber,Yes
C0757,49,13,685,Month-to-month,5,Credit Card,DSL,No
C0758,51,32,882,Month-to-month,5,Bank Transfer,No Internet,Yes
C0759,62,39,885,One year,1,Bank Transfer,Fiber,No
C0760,43,36,513,Month-to-month,10,Debit Card,DSL,No
C0761,26,25,375,Month-to-month,3,Bank Transfer,Fiber,Yes
C0762,38,31,894,One year,10,UPI,No Internet,No
C0763,70,13,839,One year,5,Debit Card,Fiber,No
C0764,25,46,484,One year,4,Bank Transfer,No Internet,No
C0765,53,24,326,One year,6,Debit Card,DSL,Yes
C0766,49,43,1048,One year,7,UPI,DSL,No
C0767,20,27,708,Month-to-month,2,UPI,No Internet,No
C0768,41,6,484,Month-to-month,5,UPI,Fiber,Yes
C0769,52,42,825,One year,3,Debit Card,DSL,Yes
C0770,22,25,783,Month-to-month,5,UPI,DSL,No
C0771,51,31,525,One year,6,Debit Card,No Internet,No
C0772,63,29,475,Month-to-month,10,Credit Card,No Internet,No
C0773,56,36,428,Two year,9,UPI,Fiber,No
C0774,32,28,1190,Month-to-month,3,Credit Card,Fiber,No
C0775,52,12,852,One year,1,UPI,No Internet,No
C0776,35,3,444,Month-to-month,10,Credit Card,No Internet,Yes
C0777,22,40,1035,Two year,2,Credit Card,No Internet,Yes
C0778,64,59,473,Month-to-month,7,UPI,DSL,Yes
C0779,66,36,971,Month-to-month,1,Bank Transfer,No Internet,Yes
C0780,27,17,911,One year,10,Debit Card,No Internet,Yes
C0781,62,38,588,One year,2,Bank Transfer,No Internet,No
C0782,20,8,698,Month-to-month,7,Debit Card,Fiber,No
C0783,54,5,358,One year,5,Credit Card,Fiber,No
C0784,60,54,357,Two year,5,Bank Transfer,No Internet,No
C0785,33,3,330,One year,0,Credit Card,Fiber,No
C0786,60,55,354,Month-to-month,3,UPI,DSL,Yes
C0787,53,56,1120,Month-to-month,6,Bank Transfer,DSL,No
C0788,47,24,731,Two year,5,UPI,Fiber,No
C0789,53,22,612,Month-to-month,8,Credit Card,DSL,No
C0790,19,6,698,Month-to-month,6,Credit Card,DSL,Yes
C0791,19,1,955,Month-to-month,3,Debit Card,DSL,No
C0792,19,12,816,One year,4,Bank Transfer,DSL,No
C0793,54,46,973,Two year,9,Debit Card,DSL,Yes
C0794,42,9,951,Month-to-month,9,Bank Transfer,DSL,Yes
C0795,58,46,777,Month-to-month,0,Credit Card,DSL,No
C0796,44,49,671,Two year,2,UPI,No Internet,No
C0797,69,19,481,Month-to-month,7,Credit Card,DSL,Yes
C0798,58,41,843,Month-to-month,6,Bank Transfer,Fiber,Yes
C0799,18,37,564,One year,8,Bank Transfer,DSL,No
C0800,60,25,1063,Month-to-month,9,UPI,No Internet,No
C0801,55,12,433,Month-to-month,2,Credit Card,DSL,No
C0802,32,54,554,One year,7,UPI,No Internet,No
C0803,25,44,331,One year,10,Credit Card,No Internet,Yes
C0804,36,48,1183,One year,8,UPI,DSL,No
C0805,70,19,1008,Month-to-month,5,UPI,Fiber,Yes
C0806,43,3,1150,Two year,1,Bank Transfer,Fiber,Yes
C0807,61,2,1172,Two year,1,Credit Card,DSL,No
C0808,65,40,1107,Two year,8,Debit Card,Fiber,Yes
C0809,31,57,363,Month-to-month,4,Credit Card,No Internet,No
C0810,27,22,801,Month-to-month,1,Bank Transfer,Fiber,No
C0811,54,16,756,One year,2,Credit Card,No Internet,Yes
C0812,50,54,918,Month-to-month,2,UPI,Fiber,No
C0813,26,32,835,Month-to-month,0,Credit Card,No Internet,No
C0814,53,39,770,Two year,0,Debit Card,Fiber,No
C0815,69,3,654,One year,8,Debit Card,Fiber,Yes
C0816,41,19,777,Two year,7,UPI,No Internet,No
C0817,36,59,1198,Two year,10,Bank Transfer,No Internet,No
C0818,45,53,1123,Month-to-month,3,Bank Transfer,Fiber,No
C0819,53,39,1067,Two year,9,Debit Card,DSL,No
C0820,52,49,902,Month-to-month,0,UPI,DSL,No
C0821,60,42,465,One year,3,Bank Transfer,No Internet,No
C0822,41,12,782,Month-to-month,5,UPI,DSL,Yes
C0823,18,25,366,Two year,9,Bank Transfer,DSL,No
C0824,58,26,1071,Month-to-month,4,UPI,No Internet,No
C0825,57,25,1031,One year,3,Debit Card,No Internet,No
C0826,63,41,549,One year,0,UPI,No Internet,No
C0827,66,28,1086,Month-to-month,3,Credit Card,Fiber,Yes
C0828,49,24,1179,Month-to-month,9,UPI,No Internet,Yes
C0829,48,8,915,Month-to-month,0,UPI,No Internet,Yes
C0830,22,26,810,Month-to-month,4,Bank Transfer,Fiber,No
C0831,59,9,919,Two year,4,Debit Card,No Internet,No
C0832,64,3,639,Month-to-month,2,Credit Card,No Internet,Yes
C0833,33,44,939,Month-to-month,7,Debit Card,Fiber,No
C0834,46,10,1168,One year,3,UPI,Fiber,No
C0835,21,43,1193,Two year,0,Debit Card,DSL,No
C0836,35,35,1170,Two year,9,UPI,No Internet,Yes
C0837,42,9,1102,Month-to-month,0,Credit Card,DSL,No
C0838,41,38,1174,One year,6,Bank Transfer,DSL,No
C0839,64,19,842,Month-to-month,7,Credit Card,No Internet,No
C0840,66,32,811,Two year,8,Debit Card,DSL,Yes
C0841,32,10,843,Month-to-month,4,Credit Card,DSL,Yes
C0842,51,36,603,One year,6,UPI,Fiber,Yes
C0843,58,28,424,One year,5,UPI,DSL,No
C0844,34,20,946,One year,8,Debit Card,DSL,Yes
C0845,19,43,389,Month-to-month,7,Credit Card,DSL,Yes
C0846,59,54,494,Month-to-month,7,Debit Card,DSL,No
C0847,66,6,677,Month-to-month,9,UPI,No Internet,Yes
C0848,62,42,844,Month-to-month,8,Bank Transfer,Fiber,No
C0849,70,54,796,Month-to-month,7,UPI,DSL,No
C0850,43,18,1158,Month-to-month,9,Credit Card,DSL,No
C0851,64,36,847,Month-to-month,5,Bank Transfer,Fiber,No
C0852,68,18,478,Month-to-month,0,Bank Transfer,No Internet,Yes
C0853,57,53,877,Month-to-month,7,Bank Transfer,Fiber,No
C0854,57,34,1115,Month-to-month,3,Credit Card,Fiber,No
C0855,61,36,1061,Month-to-month,2,Credit Card,DSL,No
C0856,42,4,1044,One year,6,Bank Transfer,Fiber,No
C0857,69,11,598,Two year,2,UPI,DSL,Yes
C0858,42,10,841,Two year,10,Bank Transfer,Fiber,Yes
C0859,25,3,1078,One year,6,Bank Transfer,Fiber,No
C0860,30,21,781,Month-to-month,5,UPI,Fiber,No
C0861,18,11,1174,Month-to-month,7,Credit Card,No Internet,Yes
C0862,21,47,706,Month-to-month,1,Credit Card,No Internet,Yes
C0863,48,41,738,Month-to-month,8,UPI,Fiber,No
C0864,43,5,554,One year,5,UPI,No Internet,Yes
C0865,44,10,644,One year,6,Bank Transfer,DSL,No
C0866,31,59,1094,Two year,3,Credit Card,Fiber,No
C0867,45,32,1179,Month-to-month,4,Credit Card,Fiber,No
C0868,68,5,703,Month-to-month,2,Debit Card,Fiber,Yes
C0869,31,20,1057,One year,3,UPI,No Internet,No
C0870,42,53,1044,One year,1,Bank Transfer,Fiber,No
C0871,39,29,963,Month-to-month,1,Bank Transfer,DSL,No
C0872,64,10,868,Two year,6,Debit Card,DSL,No
C0873,51,24,1180,One year,9,Credit Card,DSL,No
C0874,22,59,406,One year,2,UPI,Fiber,Yes
C0875,40,31,877,One year,4,Debit Card,Fiber,No
C0876,28,25,724,Month-to-month,3,UPI,No Internet,Yes
C0877,69,6,638,One year,3,Debit Card,DSL,No
C0878,64,7,1056,Two year,9,UPI,No Internet,Yes
C0879,45,39,1094,Month-to-month,8,Credit Card,No Internet,Yes
C0880,48,8,672,Month-to-month,3,Debit Card,DSL,No
C0881,64,22,951,One year,1,Debit Card,DSL,No
C0882,64,35,1014,One year,1,Credit Card,DSL,No
C0883,30,38,732,Two year,7,UPI,DSL,No
C0884,26,20,1178,One year,8,UPI,No Internet,No
C0885,50,18,615,One year,1,Credit Card,DSL,No
C0886,58,38,1046,One year,1,Credit Card,Fiber,No
C0887,24,56,1086,One year,7,Bank Transfer,DSL,Yes
C0888,43,14,1026,Two year,3,UPI,DSL,No
C0889,47,41,1166,One year,8,Bank Transfer,No Internet,No
C0890,49,3,1062,Month-to-month,3,Credit Card,DSL,No
C0891,56,60,301,Month-to-month,1,Debit Card,DSL,No
C0892,28,11,1197,One year,7,Bank Transfer,No Internet,Yes
C0893,69,2,1174,One year,9,Bank Transfer,No Internet,Yes
C0894,18,34,880,Month-to-month,9,UPI,Fiber,Yes
C0895,39,31,580,Two year,10,Credit Card,DSL,No
C0896,60,39,875,Month-to-month,8,UPI,Fiber,Yes
C0897,52,51,957,One year,4,Debit Card,DSL,No
C0898,49,41,345,Month-to-month,7,Bank Transfer,Fiber,No
C0899,27,50,906,Month-to-month,10,UPI,No Internet,No
C0900,34,55,962,One year,3,UPI,No Internet,Yes
C0901,18,32,1163,Two year,8,Bank Transfer,DSL,Yes
C0902,65,55,656,Month-to-month,1,Credit Card,DSL,Yes
C0903,25,10,746,Month-to-month,10,Credit Card,DSL,No
C0904,21,55,697,Month-to-month,7,Bank Transfer,No Internet,No
C0905,61,33,678,Month-to-month,6,Debit Card,Fiber,No
C0906,63,43,713,Two year,0,Bank Transfer,No Internet,No
C0907,70,26,328,Month-to-month,2,Credit Card,DSL,No
C0908,42,51,402,Month-to-month,3,Debit Card,Fiber,No
C0909,55,19,1146,Two year,0,UPI,DSL,No
C0910,58,36,1159,Two year,7,Credit Card,Fiber,Yes
C0911,20,49,942,Month-to-month,3,UPI,Fiber,Yes
C0912,31,7,1127,Month-to-month,1,Debit Card,No Internet,No
C0913,32,41,903,Month-to-month,6,Debit Card,No Internet,No
C0914,54,9,941,Two year,6,Credit Card,Fiber,No
C0915,24,25,1112,Month-to-month,5,Bank Transfer,Fiber,Yes
C0916,60,33,874,One year,9,UPI,Fiber,Yes
C0917,42,29,465,Month-to-month,3,Bank Transfer,Fiber,No
C0918,67,11,528,Month-to-month,8,Debit Card,No Internet,No
C0919,46,27,441,Two year,8,Credit Card,DSL,No
C0920,41,27,1167,Month-to-month,8,Credit Card,DSL,No
C0921,30,31,908,Month-to-month,0,Debit Card,DSL,Yes
C0922,54,34,692,Two year,2,Debit Card,DSL,No
C0923,25,46,1009,Two year,6,UPI,Fiber,Yes
C0924,35,46,874,Month-to-month,8,Bank Transfer,Fiber,Yes
C0925,64,33,510,Two year,4,Credit Card,No Internet,No
C0926,49,14,1018,Month-to-month,4,Credit Card,Fiber,Yes
C0927,21,33,504,Month-to-month,9,Debit Card,DSL,No
C0928,20,37,517,Month-to-month,8,Debit Card,DSL,Yes
C0929,49,19,630,Month-to-month,9,UPI,DSL,Yes
C0930,39,15,825,Month-to-month,2,Credit Card,Fiber,No
C0931,63,44,1067,One year,5,Bank Transfer,Fiber,No
C0932,27,56,834,Month-to-month,4,UPI,DSL,No
C0933,50,3,783,One year,9,Credit Card,No Internet,No
C0934,36,54,1033,Month-to-month,2,Debit Card,Fiber,Yes
C0935,42,4,1136,Month-to-month,2,Credit Card,No Internet,Yes
C0936,68,24,756,One year,8,Bank Transfer,Fiber,No
C0937,56,2,304,Two year,10,Bank Transfer,No Internet,Yes
C0938,35,7,312,Two year,1,Credit Card,Fiber,No
C0939,38,26,916,One year,10,UPI,No Internet,Yes
C0940,70,14,559,Month-to-month,4,UPI,No Internet,No
C0941,32,60,905,Month-to-month,7,UPI,Fiber,Yes
C0942,38,50,561,Month-to-month,2,Credit Card,No Internet,Yes
C0943,52,55,441,Two year,8,UPI,DSL,No
C0944,20,31,925,Month-to-month,7,Debit Card,DSL,Yes
C0945,66,7,699,One year,4,Bank Transfer,DSL,Yes
C0946,52,6,1144,Two year,8,Bank Transfer,No Internet,Yes
C0947,45,10,578,Month-to-month,4,Bank Transfer,No Internet,Yes
C0948,25,14,473,One year,8,Credit Card,DSL,No
C0949,49,9,476,Month-to-month,6,Credit Card,DSL,Yes
C0950,51,12,619,One year,4,Debit Card,No Internet,No
C0951,63,21,474,Month-to-month,2,Bank Transfer,DSL,Yes
C0952,49,9,471,One year,5,Debit Card,No Internet,No
C0953,26,58,754,Month-to-month,7,UPI,DSL,Yes
C0954,31,27,1047,One year,2,Debit Card,DSL,Yes
C0955,41,51,396,One year,2,Debit Card,DSL,No
C0956,36,18,634,One year,8,UPI,DSL,No
C0957,20,37,389,Month-to-month,10,UPI,DSL,Yes
C0958,61,25,952,One year,5,Debit Card,DSL,Yes
C0959,43,16,439,One year,7,Credit Card,Fiber,No
C0960,47,34,1180,Month-to-month,3,Credit Card,DSL,Yes
C0961,34,30,445,Two year,3,Debit Card,DSL,No
C0962,67,37,361,Month-to-month,0,Debit Card,Fiber,Yes
C0963,26,18,849,Month-to-month,4,Debit Card,Fiber,Yes
C0964,26,47,699,One year,5,Credit Card,No Internet,No
C0965,42,22,1177,One year,3,UPI,Fiber,Yes
C0966,32,15,572,One year,5,Bank Transfer,Fiber,No
C0967,31,29,313,One year,5,Debit Card,Fiber,No
C0968,61,44,984,One year,6,Debit Card,DSL,No
C0969,66,59,322,One year,1,Debit Card,DSL,No
C0970,48,45,1120,One year,8,Bank Transfer,Fiber,Yes
C0971,55,14,809,Two year,7,Credit Card,DSL,Yes
C0972,59,42,1130,Two year,9,UPI,DSL,No
C0973,50,9,1015,One year,8,UPI,Fiber,Yes
C0974,49,58,714,One year,5,Credit Card,No Internet,No
C0975,34,34,541,Two year,5,Debit Card,Fiber,No
C0976,59,12,371,Two year,5,Credit Card,DSL,No
C0977,18,9,1156,Two year,5,Bank Transfer,Fiber,Yes
C0978,58,29,777,Month-to-month,10,Bank Transfer,No Internet,No
C0979,47,21,740,Month-to-month,8,Bank Transfer,Fiber,Yes
C0980,45,5,538,One year,9,Bank Transfer,Fiber,Yes
C0981,48,11,585,Month-to-month,9,Debit Card,Fiber,Yes
C0982,67,48,927,Month-to-month,2,UPI,No Internet,Yes
C0983,55,16,937,One year,0,UPI,No Internet,No
C0984,26,5,651,Month-to-month,5,Debit Card,DSL,Yes
C0985,65,41,817,Month-to-month,5,Debit Card,Fiber,No
C0986,32,40,1044,Month-to-month,0,Bank Transfer,No Internet,No
C0987,47,56,424,Month-to-month,0,Debit Card,DSL,Yes
C0988,55,55,1191,Month-to-month,10,UPI,Fiber,Yes
C0989,56,10,310,Month-to-month,7,Debit Card,Fiber,Yes
C0990,44,33,611,One year,1,Debit Card,No Internet,No
C0991,20,38,606,Month-to-month,1,Debit Card,DSL,No
C0992,18,14,503,Month-to-month,7,Bank Transfer,Fiber,No
C0993,58,12,685,Month-to-month,5,UPI,Fiber,No
C0994,24,23,721,One year,8,Credit Card,Fiber,No
C0995,22,42,431,One year,8,Credit Card,DSL,No
C0996,57,48,713,One year,7,UPI,Fiber,No
C0997,69,60,1024,Month-to-month,1,Bank Transfer,No Internet,No
C0998,33,60,1125,One year,9,Bank Transfer,Fiber,No
C0999,52,43,917,Month-to-month,10,Bank Transfer,No Internet,Yes
C1000,49,14,1159,Month-to-month,2,Credit Card,Fiber,Yes
