Order_ID,Order_Date,Customer_ID,Product,Category,Quantity,Unit_Price,Region,Payment_Mode,Sales
ORD0001,2025-01-01 00:00:00.000000,CUST168,Laptop,Electronics,2,60000,North,Cash,120000
ORD0002,2025-01-01 08:44:41.081081,CUST099,Laptop,Electronics,1,60000,South,UPI,60000
ORD0003,2025-01-01 17:29:22.162162,CUST156,Laptop,Electronics,5,60000,West,UPI,300000
ORD0004,2025-01-02 02:14:03.243243,CUST131,Laptop,Electronics,5,60000,North,Credit Card,300000
ORD0005,2025-01-02 10:58:44.324324,CUST096,Laptop,Electronics,3,60000,West,Debit Card,180000
ORD0006,2025-01-02 19:43:25.405405,CUST076,Mobile,Electronics,4,30000,East,UPI,120000
ORD0007,2025-01-03 04:28:06.486486,CUST140,Headphones,Accessories,2,3000,South,Credit Card,6000
ORD0008,2025-01-03 13:12:47.567567,CUST043,Tablet,Electronics,5,20000,South,UPI,100000
ORD0009,2025-01-03 21:57:28.648648,CUST197,Mouse,Accessories,3,800,West,Debit Card,2400
ORD0010,2025-01-04 06:42:09.729729,CUST117,Laptop,Electronics,5,60000,South,UPI,300000
ORD0011,2025-01-04 15:26:50.810810,CUST151,Headphones,Accessories,4,3000,West,UPI,12000
ORD0012,2025-01-05 00:11:31.891891,CUST077,Keyboard,Accessories,3,1500,West,Credit Card,4500
ORD0013,2025-01-05 08:56:12.972972,CUST142,Laptop,Electronics,3,60000,South,Debit Card,180000
ORD0014,2025-01-05 17:40:54.054054,CUST122,Tablet,Electronics,5,20000,North,Credit Card,100000
ORD0015,2025-01-06 02:25:35.135135,CUST119,Laptop,Electronics,2,60000,South,Debit Card,120000
ORD0016,2025-01-06 11:10:16.216216,CUST046,Laptop,Electronics,1,60000,East,UPI,60000
ORD0017,2025-01-06 19:54:57.297297,CUST090,Mobile,Electronics,4,30000,East,Credit Card,120000
ORD0018,2025-01-07 04:39:38.378378,CUST194,Keyboard,Accessories,5,1500,South,Credit Card,7500
ORD0019,2025-01-07 13:24:19.459459,CUST142,Tablet,Electronics,3,20000,South,UPI,60000
ORD0020,2025-01-07 22:09:00.540540,CUST149,Tablet,Electronics,3,20000,West,Credit Card,60000
ORD0021,2025-01-08 06:53:41.621621,CUST034,Laptop,Electronics,1,60000,South,Credit Card,60000
ORD0022,2025-01-08 15:38:22.702702,CUST177,Mobile,Electronics,2,30000,West,Cash,60000
ORD0023,2025-01-09 00:23:03.783783,CUST158,Headphones,Accessories,5,3000,South,UPI,15000
ORD0024,2025-01-09 09:07:44.864864,CUST029,Mouse,Accessories,4,800,North,UPI,3200
ORD0025,2025-01-09 17:52:25.945945,CUST141,Laptop,Electronics,5,60000,East,UPI,300000
ORD0026,2025-01-10 02:37:07.027027,CUST183,Mobile,Electronics,2,30000,South,Debit Card,60000
ORD0027,2025-01-10 11:21:48.108108,CUST003,Tablet,Electronics,1,20000,South,UPI,20000
ORD0028,2025-01-10 20:06:29.189189,CUST054,Keyboard,Accessories,1,1500,East,Cash,1500
ORD0029,2025-01-11 04:51:10.270270,CUST018,Laptop,Electronics,4,60000,South,Credit Card,240000
ORD0030,2025-01-11 13:35:51.351351,CUST198,Mobile,Electronics,5,30000,North,Cash,150000
ORD0031,2025-01-11 22:20:32.432432,CUST099,Keyboard,Accessories,3,1500,West,Debit Card,4500
ORD0032,2025-01-12 07:05:13.513513,CUST193,Mouse,Accessories,2,800,North,Debit Card,1600
ORD0033,2025-01-12 15:49:54.594594,CUST061,Mouse,Accessories,2,800,North,Credit Card,1600
ORD0034,2025-01-13 00:34:35.675675,CUST038,Laptop,Electronics,3,60000,South,Cash,180000
ORD0035,2025-01-13 09:19:16.756756,CUST008,Keyboard,Accessories,2,1500,East,Credit Card,3000
ORD0036,2025-01-13 18:03:57.837837,CUST136,Laptop,Electronics,2,60000,North,UPI,120000
ORD0037,2025-01-14 02:48:38.918918,CUST095,Headphones,Accessories,3,3000,North,Cash,9000
ORD0038,2025-01-14 11:33:20.000000,CUST178,Laptop,Electronics,4,60000,North,Cash,240000
ORD0039,2025-01-14 20:18:01.081081,CUST056,Mouse,Accessories,5,800,West,Debit Card,4000
ORD0040,2025-01-15 05:02:42.162162,CUST186,Mouse,Accessories,5,800,North,UPI,4000
ORD0041,2025-01-15 13:47:23.243243,CUST088,Mobile,Electronics,5,30000,East,UPI,150000
ORD0042,2025-01-15 22:32:04.324324,CUST092,Tablet,Electronics,3,20000,West,Credit Card,60000
ORD0043,2025-01-16 07:16:45.405405,CUST059,Keyboard,Accessories,5,1500,North,Credit Card,7500
ORD0044,2025-01-16 16:01:26.486486,CUST062,Laptop,Electronics,2,60000,South,Cash,120000
ORD0045,2025-01-17 00:46:07.567567,CUST052,Headphones,Accessories,5,3000,West,Credit Card,15000
ORD0046,2025-01-17 09:30:48.648648,CUST022,Laptop,Electronics,5,60000,South,Cash,300000
ORD0047,2025-01-17 18:15:29.729729,CUST041,Mouse,Accessories,2,800,South,Cash,1600
ORD0048,2025-01-18 03:00:10.810810,CUST155,Headphones,Accessories,4,3000,North,Cash,12000
ORD0049,2025-01-18 11:44:51.891891,CUST148,Mobile,Electronics,4,30000,South,UPI,120000
ORD0050,2025-01-18 20:29:32.972972,CUST182,Mouse,Accessories,5,800,West,UPI,4000
ORD0051,2025-01-19 05:14:14.054054,CUST034,Tablet,Electronics,4,20000,North,Debit Card,80000
ORD0052,2025-01-19 13:58:55.135135,CUST087,Tablet,Electronics,4,20000,West,Cash,80000
ORD0053,2025-01-19 22:43:36.216216,CUST039,Mouse,Accessories,4,800,South,Cash,3200
ORD0054,2025-01-20 07:28:17.297297,CUST199,Laptop,Electronics,5,60000,South,UPI,300000
ORD0055,2025-01-20 16:12:58.378378,CUST013,Tablet,Electronics,4,20000,North,Credit Card,80000
ORD0056,2025-01-21 00:57:39.459459,CUST090,Keyboard,Accessories,1,1500,West,UPI,1500
ORD0057,2025-01-21 09:42:20.540540,CUST090,Laptop,Electronics,5,60000,South,UPI,300000
ORD0058,2025-01-21 18:27:01.621621,CUST037,Keyboard,Accessories,5,1500,South,Debit Card,7500
ORD0059,2025-01-22 03:11:42.702702,CUST045,Keyboard,Accessories,3,1500,North,Debit Card,4500
ORD0060,2025-01-22 11:56:23.783783,CUST089,Headphones,Accessories,3,3000,East,Debit Card,9000
ORD0061,2025-01-22 20:41:04.864864,CUST039,Mouse,Accessories,2,800,North,Debit Card,1600
ORD0062,2025-01-23 05:25:45.945945,CUST013,Mouse,Accessories,1,800,East,Debit Card,800
ORD0063,2025-01-23 14:10:27.027027,CUST024,Laptop,Electronics,5,60000,West,Cash,300000
ORD0064,2025-01-23 22:55:08.108108,CUST136,Headphones,Accessories,4,3000,South,Credit Card,12000
ORD0065,2025-01-24 07:39:49.189189,CUST047,Keyboard,Accessories,4,1500,East,Cash,6000
ORD0066,2025-01-24 16:24:30.270270,CUST003,Mobile,Electronics,3,30000,North,Credit Card,90000
ORD0067,2025-01-25 01:09:11.351351,CUST145,Mouse,Accessories,5,800,East,Cash,4000
ORD0068,2025-01-25 09:53:52.432432,CUST098,Headphones,Accessories,2,3000,North,Debit Card,6000
ORD0069,2025-01-25 18:38:33.513513,CUST128,Laptop,Electronics,5,60000,East,Credit Card,300000
ORD0070,2025-01-26 03:23:14.594594,CUST116,Keyboard,Accessories,4,1500,West,Cash,6000
ORD0071,2025-01-26 12:07:55.675675,CUST106,Tablet,Electronics,3,20000,East,Cash,60000
ORD0072,2025-01-26 20:52:36.756756,CUST170,Keyboard,Accessories,2,1500,East,UPI,3000
ORD0073,2025-01-27 05:37:17.837837,CUST172,Headphones,Accessories,2,3000,South,Cash,6000
ORD0074,2025-01-27 14:21:58.918918,CUST175,Laptop,Electronics,2,60000,North,Cash,120000
ORD0075,2025-01-27 23:06:40.000000,CUST177,Headphones,Accessories,4,3000,East,UPI,12000
ORD0076,2025-01-28 07:51:21.081081,CUST109,Tablet,Electronics,1,20000,East,Cash,20000
ORD0077,2025-01-28 16:36:02.162162,CUST178,Laptop,Electronics,1,60000,South,Credit Card,60000
ORD0078,2025-01-29 01:20:43.243243,CUST118,Tablet,Electronics,4,20000,East,Debit Card,80000
ORD0079,2025-01-29 10:05:24.324324,CUST079,Keyboard,Accessories,2,1500,West,Cash,3000
ORD0080,2025-01-29 18:50:05.405405,CUST047,Tablet,Electronics,2,20000,North,Debit Card,40000
ORD0081,2025-01-30 03:34:46.486486,CUST076,Mouse,Accessories,5,800,West,Cash,4000
ORD0082,2025-01-30 12:19:27.567567,CUST067,Tablet,Electronics,3,20000,West,Credit Card,60000
ORD0083,2025-01-30 21:04:08.648648,CUST075,Laptop,Electronics,2,60000,East,Debit Card,120000
ORD0084,2025-01-31 05:48:49.729729,CUST052,Tablet,Electronics,2,20000,South,Cash,40000
ORD0085,2025-01-31 14:33:30.810810,CUST159,Headphones,Accessories,1,3000,East,UPI,3000
ORD0086,2025-01-31 23:18:11.891891,CUST155,Laptop,Electronics,3,60000,East,Cash,180000
ORD0087,2025-02-01 08:02:52.972972,CUST039,Tablet,Electronics,2,20000,East,Credit Card,40000
ORD0088,2025-02-01 16:47:34.054054,CUST018,Tablet,Electronics,1,20000,South,UPI,20000
ORD0089,2025-02-02 01:32:15.135135,CUST118,Mouse,Accessories,1,800,East,Cash,800
ORD0090,2025-02-02 10:16:56.216216,CUST174,Laptop,Electronics,1,60000,West,Credit Card,60000
ORD0091,2025-02-02 19:01:37.297297,CUST164,Tablet,Electronics,1,20000,West,Debit Card,20000
ORD0092,2025-02-03 03:46:18.378378,CUST179,Headphones,Accessories,4,3000,North,UPI,12000
ORD0093,2025-02-03 12:30:59.459459,CUST092,Keyboard,Accessories,4,1500,West,Credit Card,6000
ORD0094,2025-02-03 21:15:40.540540,CUST164,Headphones,Accessories,2,3000,West,Credit Card,6000
ORD0095,2025-02-04 06:00:21.621621,CUST139,Keyboard,Accessories,2,1500,North,Credit Card,3000
ORD0096,2025-02-04 14:45:02.702702,CUST154,Mobile,Electronics,4,30000,North,UPI,120000
ORD0097,2025-02-04 23:29:43.783783,CUST088,Mouse,Accessories,1,800,South,UPI,800
ORD0098,2025-02-05 08:14:24.864864,CUST091,Keyboard,Accessories,5,1500,West,Debit Card,7500
ORD0099,2025-02-05 16:59:05.945945,CUST107,Tablet,Electronics,5,20000,West,Cash,100000
ORD0100,2025-02-06 01:43:47.027027,CUST141,Laptop,Electronics,5,60000,West,UPI,300000
ORD0101,2025-02-06 10:28:28.108108,CUST123,Tablet,Electronics,5,20000,North,Credit Card,100000
ORD0102,2025-02-06 19:13:09.189189,CUST140,Laptop,Electronics,4,60000,East,Cash,240000
ORD0103,2025-02-07 03:57:50.270270,CUST140,Mobile,Electronics,2,30000,West,Debit Card,60000
ORD0104,2025-02-07 12:42:31.351351,CUST182,Mobile,Electronics,5,30000,East,UPI,150000
ORD0105,2025-02-07 21:27:12.432432,CUST024,Mobile,Electronics,1,30000,North,Debit Card,30000
ORD0106,2025-02-08 06:11:53.513513,CUST074,Mobile,Electronics,1,30000,East,Credit Card,30000
ORD0107,2025-02-08 14:56:34.594594,CUST132,Headphones,Accessories,1,3000,North,Credit Card,3000
ORD0108,2025-02-08 23:41:15.675675,CUST063,Keyboard,Accessories,5,1500,North,Credit Card,7500
ORD0109,2025-02-09 08:25:56.756756,CUST117,Tablet,Electronics,5,20000,North,Cash,100000
ORD0110,2025-02-09 17:10:37.837837,CUST116,Mouse,Accessories,2,800,East,Debit Card,1600
ORD0111,2025-02-10 01:55:18.918918,CUST079,Keyboard,Accessories,5,1500,East,Cash,7500
ORD0112,2025-02-10 10:40:00.000000,CUST002,Keyboard,Accessories,3,1500,East,UPI,4500
ORD0113,2025-02-10 19:24:41.081081,CUST013,Mouse,Accessories,4,800,West,Debit Card,3200
ORD0114,2025-02-11 04:09:22.162162,CUST130,Mobile,Electronics,2,30000,West,Credit Card,60000
ORD0115,2025-02-11 12:54:03.243243,CUST016,Mobile,Electronics,5,30000,North,Cash,150000
ORD0116,2025-02-11 21:38:44.324324,CUST193,Laptop,Electronics,4,60000,East,UPI,240000
ORD0117,2025-02-12 06:23:25.405405,CUST180,Tablet,Electronics,2,20000,North,Credit Card,40000
ORD0118,2025-02-12 15:08:06.486486,CUST014,Tablet,Electronics,5,20000,North,Cash,100000
ORD0119,2025-02-12 23:52:47.567567,CUST003,Laptop,Electronics,1,60000,South,Cash,60000
ORD0120,2025-02-13 08:37:28.648648,CUST147,Keyboard,Accessories,5,1500,South,UPI,7500
ORD0121,2025-02-13 17:22:09.729729,CUST136,Tablet,Electronics,5,20000,North,Credit Card,100000
ORD0122,2025-02-14 02:06:50.810810,CUST035,Mobile,Electronics,4,30000,West,Credit Card,120000
ORD0123,2025-02-14 10:51:31.891891,CUST163,Headphones,Accessories,4,3000,North,Credit Card,12000
ORD0124,2025-02-14 19:36:12.972972,CUST171,Tablet,Electronics,2,20000,West,Credit Card,40000
ORD0125,2025-02-15 04:20:54.054054,CUST089,Laptop,Electronics,1,60000,North,UPI,60000
ORD0126,2025-02-15 13:05:35.135135,CUST170,Tablet,Electronics,2,20000,East,Credit Card,40000
ORD0127,2025-02-15 21:50:16.216216,CUST060,Headphones,Accessories,3,3000,South,Credit Card,9000
ORD0128,2025-02-16 06:34:57.297297,CUST015,Tablet,Electronics,2,20000,North,Debit Card,40000
ORD0129,2025-02-16 15:19:38.378378,CUST197,Keyboard,Accessories,2,1500,North,Cash,3000
ORD0130,2025-02-17 00:04:19.459459,CUST039,Keyboard,Accessories,5,1500,West,UPI,7500
ORD0131,2025-02-17 08:49:00.540540,CUST185,Laptop,Electronics,3,60000,West,Cash,180000
ORD0132,2025-02-17 17:33:41.621621,CUST059,Mobile,Electronics,4,30000,West,UPI,120000
ORD0133,2025-02-18 02:18:22.702702,CUST133,Laptop,Electronics,3,60000,East,Debit Card,180000
ORD0134,2025-02-18 11:03:03.783783,CUST194,Mobile,Electronics,4,30000,West,Debit Card,120000
ORD0135,2025-02-18 19:47:44.864864,CUST124,Headphones,Accessories,1,3000,North,Cash,3000
ORD0136,2025-02-19 04:32:25.945945,CUST120,Headphones,Accessories,4,3000,North,Cash,12000
ORD0137,2025-02-19 13:17:07.027027,CUST087,Laptop,Electronics,2,60000,South,UPI,120000
ORD0138,2025-02-19 22:01:48.108108,CUST129,Keyboard,Accessories,4,1500,South,Debit Card,6000
ORD0139,2025-02-20 06:46:29.189189,CUST029,Keyboard,Accessories,4,1500,South,Credit Card,6000
ORD0140,2025-02-20 15:31:10.270270,CUST102,Headphones,Accessories,2,3000,North,Credit Card,6000
ORD0141,2025-02-21 00:15:51.351351,CUST160,Keyboard,Accessories,4,1500,West,Credit Card,6000
ORD0142,2025-02-21 09:00:32.432432,CUST141,Mobile,Electronics,1,30000,West,Debit Card,30000
ORD0143,2025-02-21 17:45:13.513513,CUST020,Mobile,Electronics,3,30000,South,Cash,90000
ORD0144,2025-02-22 02:29:54.594594,CUST194,Laptop,Electronics,1,60000,North,Debit Card,60000
ORD0145,2025-02-22 11:14:35.675675,CUST012,Keyboard,Accessories,5,1500,South,Debit Card,7500
ORD0146,2025-02-22 19:59:16.756756,CUST116,Mobile,Electronics,4,30000,South,Debit Card,120000
ORD0147,2025-02-23 04:43:57.837837,CUST131,Mouse,Accessories,2,800,South,UPI,1600
ORD0148,2025-02-23 13:28:38.918918,CUST121,Keyboard,Accessories,3,1500,West,Credit Card,4500
ORD0149,2025-02-23 22:13:20.000000,CUST059,Keyboard,Accessories,2,1500,East,Credit Card,3000
ORD0150,2025-02-24 06:58:01.081081,CUST080,Laptop,Electronics,4,60000,East,UPI,240000
ORD0151,2025-02-24 15:42:42.162162,CUST145,Mouse,Accessories,1,800,West,UPI,800
ORD0152,2025-02-25 00:27:23.243243,CUST196,Mouse,Accessories,4,800,East,Debit Card,3200
ORD0153,2025-02-25 09:12:04.324324,CUST005,Laptop,Electronics,3,60000,South,Credit Card,180000
ORD0154,2025-02-25 17:56:45.405405,CUST044,Mobile,Electronics,4,30000,East,Cash,120000
ORD0155,2025-02-26 02:41:26.486486,CUST092,Keyboard,Accessories,5,1500,North,Cash,7500
ORD0156,2025-02-26 11:26:07.567567,CUST046,Laptop,Electronics,5,60000,West,Cash,300000
ORD0157,2025-02-26 20:10:48.648648,CUST102,Keyboard,Accessories,1,1500,South,Credit Card,1500
ORD0158,2025-02-27 04:55:29.729729,CUST146,Mobile,Electronics,5,30000,West,Debit Card,150000
ORD0159,2025-02-27 13:40:10.810810,CUST170,Tablet,Electronics,5,20000,East,UPI,100000
ORD0160,2025-02-27 22:24:51.891891,CUST069,Tablet,Electronics,4,20000,South,UPI,80000
ORD0161,2025-02-28 07:09:32.972972,CUST071,Keyboard,Accessories,2,1500,West,UPI,3000
ORD0162,2025-02-28 15:54:14.054054,CUST186,Headphones,Accessories,3,3000,West,Debit Card,9000
ORD0163,2025-03-01 00:38:55.135135,CUST199,Mouse,Accessories,5,800,East,Debit Card,4000
ORD0164,2025-03-01 09:23:36.216216,CUST186,Mouse,Accessories,1,800,North,Credit Card,800
ORD0165,2025-03-01 18:08:17.297297,CUST184,Mouse,Accessories,3,800,West,Debit Card,2400
ORD0166,2025-03-02 02:52:58.378378,CUST028,Mobile,Electronics,3,30000,South,Credit Card,90000
ORD0167,2025-03-02 11:37:39.459459,CUST130,Keyboard,Accessories,5,1500,South,Credit Card,7500
ORD0168,2025-03-02 20:22:20.540540,CUST120,Laptop,Electronics,2,60000,East,Credit Card,120000
ORD0169,2025-03-03 05:07:01.621621,CUST124,Tablet,Electronics,2,20000,North,Cash,40000
ORD0170,2025-03-03 13:51:42.702702,CUST085,Headphones,Accessories,5,3000,North,Cash,15000
ORD0171,2025-03-03 22:36:23.783783,CUST066,Mobile,Electronics,2,30000,West,UPI,60000
ORD0172,2025-03-04 07:21:04.864864,CUST137,Mobile,Electronics,3,30000,South,Credit Card,90000
ORD0173,2025-03-04 16:05:45.945945,CUST027,Keyboard,Accessories,1,1500,West,Debit Card,1500
ORD0174,2025-03-05 00:50:27.027027,CUST010,Laptop,Electronics,3,60000,West,Cash,180000
ORD0175,2025-03-05 09:35:08.108108,CUST053,Headphones,Accessories,5,3000,South,Debit Card,15000
ORD0176,2025-03-05 18:19:49.189189,CUST059,Keyboard,Accessories,3,1500,West,Cash,4500
ORD0177,2025-03-06 03:04:30.270270,CUST176,Tablet,Electronics,1,20000,North,Debit Card,20000
ORD0178,2025-03-06 11:49:11.351351,CUST093,Mobile,Electronics,4,30000,South,Cash,120000
ORD0179,2025-03-06 20:33:52.432432,CUST189,Laptop,Electronics,3,60000,South,Credit Card,180000
ORD0180,2025-03-07 05:18:33.513513,CUST182,Keyboard,Accessories,1,1500,West,Debit Card,1500
ORD0181,2025-03-07 14:03:14.594594,CUST083,Mouse,Accessories,2,800,North,Cash,1600
ORD0182,2025-03-07 22:47:55.675675,CUST076,Mobile,Electronics,3,30000,North,UPI,90000
ORD0183,2025-03-08 07:32:36.756756,CUST077,Mobile,Electronics,5,30000,West,Cash,150000
ORD0184,2025-03-08 16:17:17.837837,CUST083,Tablet,Electronics,1,20000,South,Credit Card,20000
ORD0185,2025-03-09 01:01:58.918918,CUST195,Mouse,Accessories,2,800,West,Cash,1600
ORD0186,2025-03-09 09:46:40.000000,CUST013,Mouse,Accessories,3,800,South,Credit Card,2400
ORD0187,2025-03-09 18:31:21.081081,CUST158,Keyboard,Accessories,2,1500,East,UPI,3000
ORD0188,2025-03-10 03:16:02.162162,CUST060,Keyboard,Accessories,4,1500,South,Cash,6000
ORD0189,2025-03-10 12:00:43.243243,CUST157,Mobile,Electronics,5,30000,West,UPI,150000
ORD0190,2025-03-10 20:45:24.324324,CUST072,Tablet,Electronics,1,20000,South,Credit Card,20000
ORD0191,2025-03-11 05:30:05.405405,CUST184,Headphones,Accessories,1,3000,West,Credit Card,3000
ORD0192,2025-03-11 14:14:46.486486,CUST098,Laptop,Electronics,1,60000,North,Debit Card,60000
ORD0193,2025-03-11 22:59:27.567567,CUST062,Keyboard,Accessories,3,1500,West,Credit Card,4500
ORD0194,2025-03-12 07:44:08.648648,CUST157,Headphones,Accessories,1,3000,East,Debit Card,3000
ORD0195,2025-03-12 16:28:49.729729,CUST192,Laptop,Electronics,3,60000,East,Cash,180000
ORD0196,2025-03-13 01:13:30.810810,CUST029,Mouse,Accessories,4,800,South,UPI,3200
ORD0197,2025-03-13 09:58:11.891891,CUST094,Laptop,Electronics,2,60000,South,Credit Card,120000
ORD0198,2025-03-13 18:42:52.972972,CUST008,Mobile,Electronics,4,30000,South,UPI,120000
ORD0199,2025-03-14 03:27:34.054054,CUST151,Mouse,Accessories,4,800,South,Credit Card,3200
ORD0200,2025-03-14 12:12:15.135135,CUST138,Laptop,Electronics,3,60000,North,Credit Card,180000
ORD0201,2025-03-14 20:56:56.216216,CUST193,Tablet,Electronics,4,20000,East,Debit Card,80000
ORD0202,2025-03-15 05:41:37.297297,CUST038,Tablet,Electronics,2,20000,North,UPI,40000
ORD0203,2025-03-15 14:26:18.378378,CUST178,Laptop,Electronics,4,60000,East,Cash,240000
ORD0204,2025-03-15 23:10:59.459459,CUST176,Laptop,Electronics,4,60000,South,Cash,240000
ORD0205,2025-03-16 07:55:40.540540,CUST164,Tablet,Electronics,5,20000,South,Cash,100000
ORD0206,2025-03-16 16:40:21.621621,CUST162,Laptop,Electronics,5,60000,West,Credit Card,300000
ORD0207,2025-03-17 01:25:02.702702,CUST066,Tablet,Electronics,1,20000,East,UPI,20000
ORD0208,2025-03-17 10:09:43.783783,CUST104,Tablet,Electronics,3,20000,South,Credit Card,60000
ORD0209,2025-03-17 18:54:24.864864,CUST007,Headphones,Accessories,3,3000,South,Credit Card,9000
ORD0210,2025-03-18 03:39:05.945945,CUST108,Laptop,Electronics,4,60000,North,UPI,240000
ORD0211,2025-03-18 12:23:47.027027,CUST001,Mouse,Accessories,5,800,South,Cash,4000
ORD0212,2025-03-18 21:08:28.108108,CUST157,Tablet,Electronics,1,20000,North,Cash,20000
ORD0213,2025-03-19 05:53:09.189189,CUST187,Keyboard,Accessories,4,1500,West,UPI,6000
ORD0214,2025-03-19 14:37:50.270270,CUST083,Mobile,Electronics,4,30000,West,UPI,120000
ORD0215,2025-03-19 23:22:31.351351,CUST163,Tablet,Electronics,3,20000,West,Cash,60000
ORD0216,2025-03-20 08:07:12.432432,CUST076,Headphones,Accessories,2,3000,South,Credit Card,6000
ORD0217,2025-03-20 16:51:53.513513,CUST123,Laptop,Electronics,2,60000,West,Cash,120000
ORD0218,2025-03-21 01:36:34.594594,CUST050,Keyboard,Accessories,2,1500,East,UPI,3000
ORD0219,2025-03-21 10:21:15.675675,CUST114,Keyboard,Accessories,1,1500,South,Credit Card,1500
ORD0220,2025-03-21 19:05:56.756756,CUST008,Mouse,Accessories,4,800,South,Cash,3200
ORD0221,2025-03-22 03:50:37.837837,CUST149,Headphones,Accessories,3,3000,West,Cash,9000
ORD0222,2025-03-22 12:35:18.918918,CUST043,Mouse,Accessories,4,800,East,Debit Card,3200
ORD0223,2025-03-22 21:20:00.000000,CUST086,Mouse,Accessories,4,800,North,UPI,3200
ORD0224,2025-03-23 06:04:41.081081,CUST074,Headphones,Accessories,5,3000,South,Debit Card,15000
ORD0225,2025-03-23 14:49:22.162162,CUST162,Headphones,Accessories,3,3000,North,Credit Card,9000
ORD0226,2025-03-23 23:34:03.243243,CUST183,Headphones,Accessories,4,3000,East,Cash,12000
ORD0227,2025-03-24 08:18:44.324324,CUST042,Headphones,Accessories,2,3000,West,UPI,6000
ORD0228,2025-03-24 17:03:25.405405,CUST047,Tablet,Electronics,4,20000,West,Debit Card,80000
ORD0229,2025-03-25 01:48:06.486486,CUST001,Mouse,Accessories,2,800,West,Credit Card,1600
ORD0230,2025-03-25 10:32:47.567567,CUST167,Headphones,Accessories,3,3000,South,Cash,9000
ORD0231,2025-03-25 19:17:28.648648,CUST168,Tablet,Electronics,4,20000,West,Cash,80000
ORD0232,2025-03-26 04:02:09.729729,CUST146,Headphones,Accessories,2,3000,South,UPI,6000
ORD0233,2025-03-26 12:46:50.810810,CUST193,Mobile,Electronics,4,30000,East,Debit Card,120000
ORD0234,2025-03-26 21:31:31.891891,CUST102,Tablet,Electronics,3,20000,West,UPI,60000
ORD0235,2025-03-27 06:16:12.972972,CUST153,Mobile,Electronics,2,30000,East,Credit Card,60000
ORD0236,2025-03-27 15:00:54.054054,CUST138,Tablet,Electronics,1,20000,West,Debit Card,20000
ORD0237,2025-03-27 23:45:35.135135,CUST159,Mobile,Electronics,2,30000,South,Credit Card,60000
ORD0238,2025-03-28 08:30:16.216216,CUST095,Laptop,Electronics,3,60000,South,Cash,180000
ORD0239,2025-03-28 17:14:57.297297,CUST037,Laptop,Electronics,1,60000,South,Debit Card,60000
ORD0240,2025-03-29 01:59:38.378378,CUST109,Laptop,Electronics,2,60000,East,UPI,120000
ORD0241,2025-03-29 10:44:19.459459,CUST048,Headphones,Accessories,5,3000,North,Credit Card,15000
ORD0242,2025-03-29 19:29:00.540540,CUST067,Headphones,Accessories,1,3000,East,Debit Card,3000
ORD0243,2025-03-30 04:13:41.621621,CUST032,Laptop,Electronics,1,60000,South,Credit Card,60000
ORD0244,2025-03-30 12:58:22.702702,CUST028,Laptop,Electronics,4,60000,East,Credit Card,240000
ORD0245,2025-03-30 21:43:03.783783,CUST150,Tablet,Electronics,5,20000,West,Credit Card,100000
ORD0246,2025-03-31 06:27:44.864864,CUST126,Mouse,Accessories,5,800,West,Debit Card,4000
ORD0247,2025-03-31 15:12:25.945945,CUST017,Laptop,Electronics,2,60000,East,Credit Card,120000
ORD0248,2025-03-31 23:57:07.027027,CUST115,Laptop,Electronics,5,60000,South,Debit Card,300000
ORD0249,2025-04-01 08:41:48.108108,CUST002,Laptop,Electronics,1,60000,South,Cash,60000
ORD0250,2025-04-01 17:26:29.189189,CUST198,Tablet,Electronics,2,20000,North,Credit Card,40000
ORD0251,2025-04-02 02:11:10.270270,CUST121,Laptop,Electronics,3,60000,West,UPI,180000
ORD0252,2025-04-02 10:55:51.351351,CUST058,Tablet,Electronics,4,20000,West,UPI,80000
ORD0253,2025-04-02 19:40:32.432432,CUST099,Tablet,Electronics,2,20000,South,Credit Card,40000
ORD0254,2025-04-03 04:25:13.513513,CUST066,Laptop,Electronics,2,60000,East,UPI,120000
ORD0255,2025-04-03 13:09:54.594594,CUST059,Mobile,Electronics,2,30000,South,Debit Card,60000
ORD0256,2025-04-03 21:54:35.675675,CUST189,Mobile,Electronics,1,30000,South,Debit Card,30000
ORD0257,2025-04-04 06:39:16.756756,CUST139,Laptop,Electronics,2,60000,South,UPI,120000
ORD0258,2025-04-04 15:23:57.837837,CUST102,Tablet,Electronics,5,20000,West,Cash,100000
ORD0259,2025-04-05 00:08:38.918918,CUST082,Tablet,Electronics,3,20000,East,Credit Card,60000
ORD0260,2025-04-05 08:53:20.000000,CUST192,Keyboard,Accessories,5,1500,East,Credit Card,7500
ORD0261,2025-04-05 17:38:01.081081,CUST135,Mobile,Electronics,1,30000,North,Credit Card,30000
ORD0262,2025-04-06 02:22:42.162162,CUST030,Laptop,Electronics,4,60000,South,Credit Card,240000
ORD0263,2025-04-06 11:07:23.243243,CUST118,Mouse,Accessories,1,800,North,Debit Card,800
ORD0264,2025-04-06 19:52:04.324324,CUST120,Mouse,Accessories,2,800,East,Cash,1600
ORD0265,2025-04-07 04:36:45.405405,CUST028,Tablet,Electronics,1,20000,South,Cash,20000
ORD0266,2025-04-07 13:21:26.486486,CUST052,Mobile,Electronics,4,30000,West,Credit Card,120000
ORD0267,2025-04-07 22:06:07.567567,CUST005,Tablet,Electronics,2,20000,East,Credit Card,40000
ORD0268,2025-04-08 06:50:48.648648,CUST068,Tablet,Electronics,4,20000,South,Cash,80000
ORD0269,2025-04-08 15:35:29.729729,CUST113,Laptop,Electronics,2,60000,West,Cash,120000
ORD0270,2025-04-09 00:20:10.810810,CUST021,Laptop,Electronics,4,60000,South,Debit Card,240000
ORD0271,2025-04-09 09:04:51.891891,CUST122,Tablet,Electronics,5,20000,West,UPI,100000
ORD0272,2025-04-09 17:49:32.972972,CUST016,Mobile,Electronics,1,30000,North,UPI,30000
ORD0273,2025-04-10 02:34:14.054054,CUST198,Keyboard,Accessories,4,1500,East,Cash,6000
ORD0274,2025-04-10 11:18:55.135135,CUST162,Keyboard,Accessories,4,1500,North,Cash,6000
ORD0275,2025-04-10 20:03:36.216216,CUST131,Headphones,Accessories,3,3000,South,Debit Card,9000
ORD0276,2025-04-11 04:48:17.297297,CUST076,Laptop,Electronics,2,60000,East,Cash,120000
ORD0277,2025-04-11 13:32:58.378378,CUST070,Keyboard,Accessories,1,1500,North,Cash,1500
ORD0278,2025-04-11 22:17:39.459459,CUST001,Keyboard,Accessories,5,1500,West,Credit Card,7500
ORD0279,2025-04-12 07:02:20.540540,CUST132,Headphones,Accessories,1,3000,West,Cash,3000
ORD0280,2025-04-12 15:47:01.621621,CUST078,Mobile,Electronics,2,30000,East,Cash,60000
ORD0281,2025-04-13 00:31:42.702702,CUST101,Laptop,Electronics,1,60000,West,Debit Card,60000
ORD0282,2025-04-13 09:16:23.783783,CUST169,Mouse,Accessories,2,800,North,UPI,1600
ORD0283,2025-04-13 18:01:04.864864,CUST032,Tablet,Electronics,4,20000,East,Cash,80000
ORD0284,2025-04-14 02:45:45.945945,CUST133,Mobile,Electronics,3,30000,East,UPI,90000
ORD0285,2025-04-14 11:30:27.027027,CUST093,Keyboard,Accessories,3,1500,East,UPI,4500
ORD0286,2025-04-14 20:15:08.108108,CUST101,Tablet,Electronics,2,20000,East,Credit Card,40000
ORD0287,2025-04-15 04:59:49.189189,CUST082,Mobile,Electronics,4,30000,North,Debit Card,120000
ORD0288,2025-04-15 13:44:30.270270,CUST093,Tablet,Electronics,5,20000,North,Credit Card,100000
ORD0289,2025-04-15 22:29:11.351351,CUST116,Laptop,Electronics,5,60000,North,Cash,300000
ORD0290,2025-04-16 07:13:52.432432,CUST163,Mobile,Electronics,3,30000,South,UPI,90000
ORD0291,2025-04-16 15:58:33.513513,CUST028,Mouse,Accessories,1,800,West,Credit Card,800
ORD0292,2025-04-17 00:43:14.594594,CUST012,Headphones,Accessories,3,3000,East,Debit Card,9000
ORD0293,2025-04-17 09:27:55.675675,CUST010,Mobile,Electronics,3,30000,East,Cash,90000
ORD0294,2025-04-17 18:12:36.756756,CUST144,Headphones,Accessories,4,3000,North,UPI,12000
ORD0295,2025-04-18 02:57:17.837837,CUST032,Headphones,Accessories,5,3000,West,Debit Card,15000
ORD0296,2025-04-18 11:41:58.918918,CUST086,Mouse,Accessories,4,800,East,Credit Card,3200
ORD0297,2025-04-18 20:26:40.000000,CUST135,Mouse,Accessories,4,800,South,UPI,3200
ORD0298,2025-04-19 05:11:21.081081,CUST009,Keyboard,Accessories,5,1500,East,Debit Card,7500
ORD0299,2025-04-19 13:56:02.162162,CUST144,Tablet,Electronics,2,20000,North,Debit Card,40000
ORD0300,2025-04-19 22:40:43.243243,CUST196,Keyboard,Accessories,4,1500,South,Cash,6000
ORD0301,2025-04-20 07:25:24.324324,CUST008,Keyboard,Accessories,3,1500,East,UPI,4500
ORD0302,2025-04-20 16:10:05.405405,CUST017,Mouse,Accessories,4,800,North,UPI,3200
ORD0303,2025-04-21 00:54:46.486486,CUST112,Tablet,Electronics,1,20000,West,Cash,20000
ORD0304,2025-04-21 09:39:27.567567,CUST141,Tablet,Electronics,1,20000,South,Cash,20000
ORD0305,2025-04-21 18:24:08.648648,CUST192,Laptop,Electronics,1,60000,South,Credit Card,60000
ORD0306,2025-04-22 03:08:49.729729,CUST167,Keyboard,Accessories,5,1500,South,Cash,7500
ORD0307,2025-04-22 11:53:30.810810,CUST173,Tablet,Electronics,2,20000,West,Debit Card,40000
ORD0308,2025-04-22 20:38:11.891891,CUST102,Mouse,Accessories,4,800,North,UPI,3200
ORD0309,2025-04-23 05:22:52.972972,CUST057,Mobile,Electronics,4,30000,South,UPI,120000
ORD0310,2025-04-23 14:07:34.054054,CUST165,Keyboard,Accessories,1,1500,East,Credit Card,1500
ORD0311,2025-04-23 22:52:15.135135,CUST028,Mouse,Accessories,3,800,North,Debit Card,2400
ORD0312,2025-04-24 07:36:56.216216,CUST057,Laptop,Electronics,4,60000,South,UPI,240000
ORD0313,2025-04-24 16:21:37.297297,CUST086,Keyboard,Accessories,3,1500,West,Credit Card,4500
ORD0314,2025-04-25 01:06:18.378378,CUST018,Headphones,Accessories,1,3000,South,UPI,3000
ORD0315,2025-04-25 09:50:59.459459,CUST176,Tablet,Electronics,5,20000,East,Credit Card,100000
ORD0316,2025-04-25 18:35:40.540540,CUST016,Laptop,Electronics,3,60000,East,Debit Card,180000
ORD0317,2025-04-26 03:20:21.621621,CUST002,Mobile,Electronics,3,30000,East,UPI,90000
ORD0318,2025-04-26 12:05:02.702702,CUST077,Mouse,Accessories,4,800,South,Credit Card,3200
ORD0319,2025-04-26 20:49:43.783783,CUST060,Tablet,Electronics,3,20000,East,Debit Card,60000
ORD0320,2025-04-27 05:34:24.864864,CUST177,Keyboard,Accessories,3,1500,East,Credit Card,4500
ORD0321,2025-04-27 14:19:05.945945,CUST121,Laptop,Electronics,3,60000,East,UPI,180000
ORD0322,2025-04-27 23:03:47.027027,CUST063,Laptop,Electronics,2,60000,South,UPI,120000
ORD0323,2025-04-28 07:48:28.108108,CUST023,Tablet,Electronics,1,20000,South,Credit Card,20000
ORD0324,2025-04-28 16:33:09.189189,CUST142,Mouse,Accessories,5,800,South,Cash,4000
ORD0325,2025-04-29 01:17:50.270270,CUST060,Headphones,Accessories,3,3000,South,Debit Card,9000
ORD0326,2025-04-29 10:02:31.351351,CUST047,Mouse,Accessories,3,800,South,Credit Card,2400
ORD0327,2025-04-29 18:47:12.432432,CUST042,Tablet,Electronics,4,20000,West,UPI,80000
ORD0328,2025-04-30 03:31:53.513513,CUST118,Laptop,Electronics,1,60000,West,Cash,60000
ORD0329,2025-04-30 12:16:34.594594,CUST104,Mouse,Accessories,3,800,North,UPI,2400
ORD0330,2025-04-30 21:01:15.675675,CUST066,Mobile,Electronics,3,30000,West,Debit Card,90000
ORD0331,2025-05-01 05:45:56.756756,CUST130,Mobile,Electronics,5,30000,West,UPI,150000
ORD0332,2025-05-01 14:30:37.837837,CUST074,Keyboard,Accessories,5,1500,South,Credit Card,7500
ORD0333,2025-05-01 23:15:18.918918,CUST158,Keyboard,Accessories,3,1500,South,Cash,4500
ORD0334,2025-05-02 08:00:00.000000,CUST160,Headphones,Accessories,3,3000,North,Debit Card,9000
ORD0335,2025-05-02 16:44:41.081081,CUST052,Tablet,Electronics,1,20000,East,Debit Card,20000
ORD0336,2025-05-03 01:29:22.162162,CUST132,Tablet,Electronics,1,20000,East,Debit Card,20000
ORD0337,2025-05-03 10:14:03.243243,CUST006,Mobile,Electronics,1,30000,East,Debit Card,30000
ORD0338,2025-05-03 18:58:44.324324,CUST105,Mouse,Accessories,3,800,West,Debit Card,2400
ORD0339,2025-05-04 03:43:25.405405,CUST075,Keyboard,Accessories,5,1500,North,Credit Card,7500
ORD0340,2025-05-04 12:28:06.486486,CUST015,Mobile,Electronics,2,30000,East,Debit Card,60000
ORD0341,2025-05-04 21:12:47.567567,CUST129,Keyboard,Accessories,4,1500,West,Cash,6000
ORD0342,2025-05-05 05:57:28.648648,CUST070,Keyboard,Accessories,5,1500,North,Cash,7500
ORD0343,2025-05-05 14:42:09.729729,CUST137,Keyboard,Accessories,2,1500,North,UPI,3000
ORD0344,2025-05-05 23:26:50.810810,CUST199,Headphones,Accessories,3,3000,North,Credit Card,9000
ORD0345,2025-05-06 08:11:31.891891,CUST185,Mouse,Accessories,4,800,North,Cash,3200
ORD0346,2025-05-06 16:56:12.972972,CUST087,Laptop,Electronics,3,60000,West,Debit Card,180000
ORD0347,2025-05-07 01:40:54.054054,CUST159,Laptop,Electronics,5,60000,South,UPI,300000
ORD0348,2025-05-07 10:25:35.135135,CUST101,Headphones,Accessories,1,3000,South,UPI,3000
ORD0349,2025-05-07 19:10:16.216216,CUST066,Mobile,Electronics,2,30000,South,Cash,60000
ORD0350,2025-05-08 03:54:57.297297,CUST176,Headphones,Accessories,1,3000,West,Debit Card,3000
ORD0351,2025-05-08 12:39:38.378378,CUST104,Mouse,Accessories,3,800,North,Credit Card,2400
ORD0352,2025-05-08 21:24:19.459459,CUST168,Tablet,Electronics,1,20000,North,UPI,20000
ORD0353,2025-05-09 06:09:00.540540,CUST040,Mouse,Accessories,3,800,South,Cash,2400
ORD0354,2025-05-09 14:53:41.621621,CUST174,Mouse,Accessories,4,800,East,Debit Card,3200
ORD0355,2025-05-09 23:38:22.702702,CUST011,Headphones,Accessories,4,3000,South,Debit Card,12000
ORD0356,2025-05-10 08:23:03.783783,CUST058,Laptop,Electronics,4,60000,West,Debit Card,240000
ORD0357,2025-05-10 17:07:44.864864,CUST116,Keyboard,Accessories,1,1500,West,Debit Card,1500
ORD0358,2025-05-11 01:52:25.945945,CUST163,Laptop,Electronics,2,60000,North,Cash,120000
ORD0359,2025-05-11 10:37:07.027027,CUST160,Laptop,Electronics,2,60000,South,Debit Card,120000
ORD0360,2025-05-11 19:21:48.108108,CUST153,Keyboard,Accessories,2,1500,South,UPI,3000
ORD0361,2025-05-12 04:06:29.189189,CUST072,Tablet,Electronics,2,20000,South,Debit Card,40000
ORD0362,2025-05-12 12:51:10.270270,CUST044,Mouse,Accessories,1,800,East,Credit Card,800
ORD0363,2025-05-12 21:35:51.351351,CUST097,Mobile,Electronics,2,30000,South,UPI,60000
ORD0364,2025-05-13 06:20:32.432432,CUST156,Mobile,Electronics,5,30000,South,Debit Card,150000
ORD0365,2025-05-13 15:05:13.513513,CUST161,Mobile,Electronics,5,30000,South,Credit Card,150000
ORD0366,2025-05-13 23:49:54.594594,CUST163,Mouse,Accessories,5,800,North,UPI,4000
ORD0367,2025-05-14 08:34:35.675675,CUST175,Mobile,Electronics,1,30000,West,Credit Card,30000
ORD0368,2025-05-14 17:19:16.756756,CUST039,Mouse,Accessories,3,800,West,UPI,2400
ORD0369,2025-05-15 02:03:57.837837,CUST003,Headphones,Accessories,1,3000,North,Credit Card,3000
ORD0370,2025-05-15 10:48:38.918918,CUST170,Mouse,Accessories,1,800,East,Credit Card,800
ORD0371,2025-05-15 19:33:20.000000,CUST086,Laptop,Electronics,5,60000,North,Cash,300000
ORD0372,2025-05-16 04:18:01.081081,CUST115,Mobile,Electronics,5,30000,East,UPI,150000
ORD0373,2025-05-16 13:02:42.162162,CUST066,Headphones,Accessories,3,3000,East,Credit Card,9000
ORD0374,2025-05-16 21:47:23.243243,CUST164,Keyboard,Accessories,2,1500,East,UPI,3000
ORD0375,2025-05-17 06:32:04.324324,CUST107,Mobile,Electronics,5,30000,South,Debit Card,150000
ORD0376,2025-05-17 15:16:45.405405,CUST158,Keyboard,Accessories,2,1500,North,UPI,3000
ORD0377,2025-05-18 00:01:26.486486,CUST003,Tablet,Electronics,5,20000,South,Cash,100000
ORD0378,2025-05-18 08:46:07.567567,CUST147,Headphones,Accessories,1,3000,East,Debit Card,3000
ORD0379,2025-05-18 17:30:48.648648,CUST023,Headphones,Accessories,4,3000,South,Credit Card,12000
ORD0380,2025-05-19 02:15:29.729729,CUST114,Keyboard,Accessories,1,1500,North,UPI,1500
ORD0381,2025-05-19 11:00:10.810810,CUST058,Laptop,Electronics,1,60000,East,Debit Card,60000
ORD0382,2025-05-19 19:44:51.891891,CUST072,Mouse,Accessories,5,800,East,Debit Card,4000
ORD0383,2025-05-20 04:29:32.972972,CUST187,Tablet,Electronics,1,20000,South,Debit Card,20000
ORD0384,2025-05-20 13:14:14.054054,CUST077,Laptop,Electronics,1,60000,North,Credit Card,60000
ORD0385,2025-05-20 21:58:55.135135,CUST024,Keyboard,Accessories,4,1500,South,Debit Card,6000
ORD0386,2025-05-21 06:43:36.216216,CUST102,Laptop,Electronics,1,60000,East,Cash,60000
ORD0387,2025-05-21 15:28:17.297297,CUST164,Tablet,Electronics,5,20000,East,Cash,100000
ORD0388,2025-05-22 00:12:58.378378,CUST055,Headphones,Accessories,5,3000,East,Credit Card,15000
ORD0389,2025-05-22 08:57:39.459459,CUST022,Laptop,Electronics,5,60000,North,Debit Card,300000
ORD0390,2025-05-22 17:42:20.540540,CUST070,Mouse,Accessories,3,800,North,UPI,2400
ORD0391,2025-05-23 02:27:01.621621,CUST108,Laptop,Electronics,4,60000,East,Debit Card,240000
ORD0392,2025-05-23 11:11:42.702702,CUST046,Tablet,Electronics,4,20000,South,Cash,80000
ORD0393,2025-05-23 19:56:23.783783,CUST080,Mobile,Electronics,3,30000,South,Debit Card,90000
ORD0394,2025-05-24 04:41:04.864864,CUST116,Headphones,Accessories,1,3000,East,UPI,3000
ORD0395,2025-05-24 13:25:45.945945,CUST114,Tablet,Electronics,4,20000,East,UPI,80000
ORD0396,2025-05-24 22:10:27.027027,CUST179,Tablet,Electronics,2,20000,South,Debit Card,40000
ORD0397,2025-05-25 06:55:08.108108,CUST114,Keyboard,Accessories,2,1500,South,Credit Card,3000
ORD0398,2025-05-25 15:39:49.189189,CUST084,Laptop,Electronics,5,60000,South,Cash,300000
ORD0399,2025-05-26 00:24:30.270270,CUST091,Headphones,Accessories,3,3000,South,Debit Card,9000
ORD0400,2025-05-26 09:09:11.351351,CUST150,Mobile,Electronics,3,30000,West,Credit Card,90000
ORD0401,2025-05-26 17:53:52.432432,CUST044,Headphones,Accessories,2,3000,South,Credit Card,6000
ORD0402,2025-05-27 02:38:33.513513,CUST095,Mouse,Accessories,2,800,West,Cash,1600
ORD0403,2025-05-27 11:23:14.594594,CUST153,Headphones,Accessories,5,3000,West,UPI,15000
ORD0404,2025-05-27 20:07:55.675675,CUST037,Mouse,Accessories,5,800,West,UPI,4000
ORD0405,2025-05-28 04:52:36.756756,CUST047,Mouse,Accessories,1,800,East,UPI,800
ORD0406,2025-05-28 13:37:17.837837,CUST059,Headphones,Accessories,3,3000,North,Credit Card,9000
ORD0407,2025-05-28 22:21:58.918918,CUST182,Mouse,Accessories,3,800,South,Debit Card,2400
ORD0408,2025-05-29 07:06:40.000000,CUST026,Tablet,Electronics,3,20000,South,UPI,60000
ORD0409,2025-05-29 15:51:21.081081,CUST094,Tablet,Electronics,1,20000,West,Cash,20000
ORD0410,2025-05-30 00:36:02.162162,CUST194,Laptop,Electronics,1,60000,East,Credit Card,60000
ORD0411,2025-05-30 09:20:43.243243,CUST195,Mouse,Accessories,4,800,West,Cash,3200
ORD0412,2025-05-30 18:05:24.324324,CUST128,Tablet,Electronics,3,20000,North,UPI,60000
ORD0413,2025-05-31 02:50:05.405405,CUST106,Tablet,Electronics,2,20000,North,UPI,40000
ORD0414,2025-05-31 11:34:46.486486,CUST038,Headphones,Accessories,1,3000,South,UPI,3000
ORD0415,2025-05-31 20:19:27.567567,CUST142,Headphones,Accessories,3,3000,West,UPI,9000
ORD0416,2025-06-01 05:04:08.648648,CUST094,Mobile,Electronics,2,30000,North,UPI,60000
ORD0417,2025-06-01 13:48:49.729729,CUST171,Mobile,Electronics,2,30000,North,UPI,60000
ORD0418,2025-06-01 22:33:30.810810,CUST041,Headphones,Accessories,4,3000,West,Debit Card,12000
ORD0419,2025-06-02 07:18:11.891891,CUST050,Laptop,Electronics,5,60000,North,UPI,300000
ORD0420,2025-06-02 16:02:52.972972,CUST065,Mobile,Electronics,3,30000,East,UPI,90000
ORD0421,2025-06-03 00:47:34.054054,CUST121,Keyboard,Accessories,3,1500,East,UPI,4500
ORD0422,2025-06-03 09:32:15.135135,CUST006,Keyboard,Accessories,5,1500,West,UPI,7500
ORD0423,2025-06-03 18:16:56.216216,CUST191,Laptop,Electronics,4,60000,South,Credit Card,240000
ORD0424,2025-06-04 03:01:37.297297,CUST029,Mobile,Electronics,4,30000,West,UPI,120000
ORD0425,2025-06-04 11:46:18.378378,CUST041,Laptop,Electronics,1,60000,West,Credit Card,60000
ORD0426,2025-06-04 20:30:59.459459,CUST072,Keyboard,Accessories,3,1500,North,UPI,4500
ORD0427,2025-06-05 05:15:40.540540,CUST069,Headphones,Accessories,2,3000,East,Credit Card,6000
ORD0428,2025-06-05 14:00:21.621621,CUST094,Mobile,Electronics,2,30000,South,Credit Card,60000
ORD0429,2025-06-05 22:45:02.702702,CUST183,Tablet,Electronics,5,20000,East,Credit Card,100000
ORD0430,2025-06-06 07:29:43.783783,CUST060,Mobile,Electronics,5,30000,South,Debit Card,150000
ORD0431,2025-06-06 16:14:24.864864,CUST171,Tablet,Electronics,3,20000,South,Debit Card,60000
ORD0432,2025-06-07 00:59:05.945945,CUST172,Laptop,Electronics,3,60000,West,Credit Card,180000
ORD0433,2025-06-07 09:43:47.027027,CUST008,Mouse,Accessories,2,800,North,Cash,1600
ORD0434,2025-06-07 18:28:28.108108,CUST057,Tablet,Electronics,4,20000,East,UPI,80000
ORD0435,2025-06-08 03:13:09.189189,CUST151,Mobile,Electronics,2,30000,East,UPI,60000
ORD0436,2025-06-08 11:57:50.270270,CUST196,Headphones,Accessories,2,3000,North,UPI,6000
ORD0437,2025-06-08 20:42:31.351351,CUST028,Mobile,Electronics,4,30000,West,Cash,120000
ORD0438,2025-06-09 05:27:12.432432,CUST106,Headphones,Accessories,5,3000,North,UPI,15000
ORD0439,2025-06-09 14:11:53.513513,CUST196,Keyboard,Accessories,2,1500,West,Cash,3000
ORD0440,2025-06-09 22:56:34.594594,CUST193,Tablet,Electronics,2,20000,North,Debit Card,40000
ORD0441,2025-06-10 07:41:15.675675,CUST026,Mobile,Electronics,4,30000,East,UPI,120000
ORD0442,2025-06-10 16:25:56.756756,CUST105,Mouse,Accessories,3,800,West,UPI,2400
ORD0443,2025-06-11 01:10:37.837837,CUST091,Laptop,Electronics,2,60000,East,Cash,120000
ORD0444,2025-06-11 09:55:18.918918,CUST160,Tablet,Electronics,3,20000,North,Cash,60000
ORD0445,2025-06-11 18:40:00.000000,CUST160,Headphones,Accessories,5,3000,South,Cash,15000
ORD0446,2025-06-12 03:24:41.081081,CUST199,Headphones,Accessories,1,3000,East,UPI,3000
ORD0447,2025-06-12 12:09:22.162162,CUST185,Laptop,Electronics,1,60000,East,Cash,60000
ORD0448,2025-06-12 20:54:03.243243,CUST064,Laptop,Electronics,2,60000,South,Credit Card,120000
ORD0449,2025-06-13 05:38:44.324324,CUST133,Keyboard,Accessories,1,1500,East,UPI,1500
ORD0450,2025-06-13 14:23:25.405405,CUST112,Mobile,Electronics,5,30000,West,Credit Card,150000
ORD0451,2025-06-13 23:08:06.486486,CUST181,Mouse,Accessories,5,800,North,Debit Card,4000
ORD0452,2025-06-14 07:52:47.567567,CUST047,Mouse,Accessories,3,800,North,Credit Card,2400
ORD0453,2025-06-14 16:37:28.648648,CUST019,Tablet,Electronics,1,20000,South,Debit Card,20000
ORD0454,2025-06-15 01:22:09.729729,CUST078,Mouse,Accessories,3,800,South,Debit Card,2400
ORD0455,2025-06-15 10:06:50.810810,CUST045,Mouse,Accessories,4,800,East,Debit Card,3200
ORD0456,2025-06-15 18:51:31.891891,CUST140,Mobile,Electronics,3,30000,East,Debit Card,90000
ORD0457,2025-06-16 03:36:12.972972,CUST101,Laptop,Electronics,2,60000,East,Debit Card,120000
ORD0458,2025-06-16 12:20:54.054054,CUST047,Mobile,Electronics,4,30000,East,UPI,120000
ORD0459,2025-06-16 21:05:35.135135,CUST182,Headphones,Accessories,2,3000,South,Debit Card,6000
ORD0460,2025-06-17 05:50:16.216216,CUST016,Tablet,Electronics,1,20000,South,UPI,20000
ORD0461,2025-06-17 14:34:57.297297,CUST132,Tablet,Electronics,5,20000,East,UPI,100000
ORD0462,2025-06-17 23:19:38.378378,CUST135,Tablet,Electronics,5,20000,East,Credit Card,100000
ORD0463,2025-06-18 08:04:19.459459,CUST006,Laptop,Electronics,2,60000,West,Cash,120000
ORD0464,2025-06-18 16:49:00.540540,CUST035,Mouse,Accessories,1,800,East,UPI,800
ORD0465,2025-06-19 01:33:41.621621,CUST008,Headphones,Accessories,1,3000,East,Credit Card,3000
ORD0466,2025-06-19 10:18:22.702702,CUST152,Tablet,Electronics,4,20000,East,UPI,80000
ORD0467,2025-06-19 19:03:03.783783,CUST104,Tablet,Electronics,2,20000,East,UPI,40000
ORD0468,2025-06-20 03:47:44.864864,CUST055,Mouse,Accessories,5,800,West,Debit Card,4000
ORD0469,2025-06-20 12:32:25.945945,CUST185,Mouse,Accessories,5,800,North,Credit Card,4000
ORD0470,2025-06-20 21:17:07.027027,CUST129,Tablet,Electronics,4,20000,South,Credit Card,80000
ORD0471,2025-06-21 06:01:48.108108,CUST029,Mobile,Electronics,3,30000,South,Debit Card,90000
ORD0472,2025-06-21 14:46:29.189189,CUST184,Mouse,Accessories,1,800,North,Credit Card,800
ORD0473,2025-06-21 23:31:10.270270,CUST066,Laptop,Electronics,5,60000,South,Cash,300000
ORD0474,2025-06-22 08:15:51.351351,CUST108,Mouse,Accessories,5,800,West,Credit Card,4000
ORD0475,2025-06-22 17:00:32.432432,CUST079,Headphones,Accessories,3,3000,South,Credit Card,9000
ORD0476,2025-06-23 01:45:13.513513,CUST162,Laptop,Electronics,4,60000,North,Cash,240000
ORD0477,2025-06-23 10:29:54.594594,CUST023,Headphones,Accessories,4,3000,South,UPI,12000
ORD0478,2025-06-23 19:14:35.675675,CUST114,Mouse,Accessories,3,800,East,Credit Card,2400
ORD0479,2025-06-24 03:59:16.756756,CUST050,Tablet,Electronics,4,20000,East,Cash,80000
ORD0480,2025-06-24 12:43:57.837837,CUST179,Mouse,Accessories,1,800,North,Credit Card,800
ORD0481,2025-06-24 21:28:38.918918,CUST121,Laptop,Electronics,3,60000,North,Debit Card,180000
ORD0482,2025-06-25 06:13:20.000000,CUST188,Mobile,Electronics,2,30000,South,Cash,60000
ORD0483,2025-06-25 14:58:01.081081,CUST168,Mobile,Electronics,3,30000,North,UPI,90000
ORD0484,2025-06-25 23:42:42.162162,CUST152,Mobile,Electronics,1,30000,North,Debit Card,30000
ORD0485,2025-06-26 08:27:23.243243,CUST046,Tablet,Electronics,5,20000,North,Cash,100000
ORD0486,2025-06-26 17:12:04.324324,CUST153,Mobile,Electronics,3,30000,East,UPI,90000
ORD0487,2025-06-27 01:56:45.405405,CUST106,Mouse,Accessories,1,800,North,UPI,800
ORD0488,2025-06-27 10:41:26.486486,CUST086,Mobile,Electronics,3,30000,East,UPI,90000
ORD0489,2025-06-27 19:26:07.567567,CUST095,Laptop,Electronics,2,60000,South,Credit Card,120000
ORD0490,2025-06-28 04:10:48.648648,CUST108,Laptop,Electronics,3,60000,South,Debit Card,180000
ORD0491,2025-06-28 12:55:29.729729,CUST044,Tablet,Electronics,3,20000,South,Cash,60000
ORD0492,2025-06-28 21:40:10.810810,CUST083,Keyboard,Accessories,2,1500,North,Debit Card,3000
ORD0493,2025-06-29 06:24:51.891891,CUST057,Mouse,Accessories,4,800,North,Debit Card,3200
ORD0494,2025-06-29 15:09:32.972972,CUST066,Mobile,Electronics,5,30000,West,Credit Card,150000
ORD0495,2025-06-29 23:54:14.054054,CUST073,Keyboard,Accessories,1,1500,North,UPI,1500
ORD0496,2025-06-30 08:38:55.135135,CUST060,Laptop,Electronics,1,60000,West,Credit Card,60000
ORD0497,2025-06-30 17:23:36.216216,CUST200,Mouse,Accessories,4,800,East,Cash,3200
ORD0498,2025-07-01 02:08:17.297297,CUST034,Mouse,Accessories,5,800,West,Cash,4000
ORD0499,2025-07-01 10:52:58.378378,CUST082,Tablet,Electronics,4,20000,West,Debit Card,80000
ORD0500,2025-07-01 19:37:39.459459,CUST014,Mouse,Accessories,2,800,North,Debit Card,1600
ORD0501,2025-07-02 04:22:20.540540,CUST142,Mouse,Accessories,5,800,East,Cash,4000
ORD0502,2025-07-02 13:07:01.621621,CUST151,Keyboard,Accessories,2,1500,North,Cash,3000
ORD0503,2025-07-02 21:51:42.702702,CUST024,Mobile,Electronics,1,30000,North,Credit Card,30000
ORD0504,2025-07-03 06:36:23.783783,CUST147,Mouse,Accessories,2,800,North,UPI,1600
ORD0505,2025-07-03 15:21:04.864864,CUST186,Keyboard,Accessories,1,1500,West,UPI,1500
ORD0506,2025-07-04 00:05:45.945945,CUST147,Laptop,Electronics,4,60000,South,Debit Card,240000
ORD0507,2025-07-04 08:50:27.027027,CUST003,Mouse,Accessories,4,800,North,Cash,3200
ORD0508,2025-07-04 17:35:08.108108,CUST158,Mouse,Accessories,5,800,South,Debit Card,4000
ORD0509,2025-07-05 02:19:49.189189,CUST080,Mouse,Accessories,3,800,East,Debit Card,2400
ORD0510,2025-07-05 11:04:30.270270,CUST136,Headphones,Accessories,3,3000,West,Debit Card,9000
ORD0511,2025-07-05 19:49:11.351351,CUST173,Headphones,Accessories,4,3000,West,Credit Card,12000
ORD0512,2025-07-06 04:33:52.432432,CUST191,Mouse,Accessories,4,800,South,Credit Card,3200
ORD0513,2025-07-06 13:18:33.513513,CUST014,Laptop,Electronics,3,60000,East,UPI,180000
ORD0514,2025-07-06 22:03:14.594594,CUST107,Laptop,Electronics,5,60000,West,Credit Card,300000
ORD0515,2025-07-07 06:47:55.675675,CUST098,Tablet,Electronics,2,20000,North,Cash,40000
ORD0516,2025-07-07 15:32:36.756756,CUST140,Mouse,Accessories,3,800,South,UPI,2400
ORD0517,2025-07-08 00:17:17.837837,CUST069,Mobile,Electronics,4,30000,South,Credit Card,120000
ORD0518,2025-07-08 09:01:58.918918,CUST047,Keyboard,Accessories,2,1500,East,Credit Card,3000
ORD0519,2025-07-08 17:46:40.000000,CUST149,Headphones,Accessories,4,3000,East,Credit Card,12000
ORD0520,2025-07-09 02:31:21.081081,CUST056,Keyboard,Accessories,2,1500,West,Credit Card,3000
ORD0521,2025-07-09 11:16:02.162162,CUST031,Tablet,Electronics,4,20000,East,UPI,80000
ORD0522,2025-07-09 20:00:43.243243,CUST159,Mouse,Accessories,1,800,North,UPI,800
ORD0523,2025-07-10 04:45:24.324324,CUST040,Mouse,Accessories,5,800,North,Cash,4000
ORD0524,2025-07-10 13:30:05.405405,CUST177,Mouse,Accessories,1,800,South,UPI,800
ORD0525,2025-07-10 22:14:46.486486,CUST044,Mouse,Accessories,5,800,South,Debit Card,4000
ORD0526,2025-07-11 06:59:27.567567,CUST141,Tablet,Electronics,2,20000,South,Credit Card,40000
ORD0527,2025-07-11 15:44:08.648648,CUST067,Keyboard,Accessories,1,1500,West,Credit Card,1500
ORD0528,2025-07-12 00:28:49.729729,CUST189,Mouse,Accessories,4,800,North,Credit Card,3200
ORD0529,2025-07-12 09:13:30.810810,CUST136,Tablet,Electronics,5,20000,South,UPI,100000
ORD0530,2025-07-12 17:58:11.891891,CUST017,Mobile,Electronics,1,30000,West,Debit Card,30000
ORD0531,2025-07-13 02:42:52.972972,CUST113,Keyboard,Accessories,5,1500,South,Credit Card,7500
ORD0532,2025-07-13 11:27:34.054054,CUST045,Mouse,Accessories,2,800,South,Debit Card,1600
ORD0533,2025-07-13 20:12:15.135135,CUST101,Laptop,Electronics,4,60000,South,Debit Card,240000
ORD0534,2025-07-14 04:56:56.216216,CUST187,Headphones,Accessories,1,3000,West,Debit Card,3000
ORD0535,2025-07-14 13:41:37.297297,CUST177,Mobile,Electronics,1,30000,West,Cash,30000
ORD0536,2025-07-14 22:26:18.378378,CUST168,Headphones,Accessories,5,3000,East,Cash,15000
ORD0537,2025-07-15 07:10:59.459459,CUST016,Mouse,Accessories,2,800,North,Cash,1600
ORD0538,2025-07-15 15:55:40.540540,CUST126,Tablet,Electronics,3,20000,West,Credit Card,60000
ORD0539,2025-07-16 00:40:21.621621,CUST087,Headphones,Accessories,4,3000,East,Credit Card,12000
ORD0540,2025-07-16 09:25:02.702702,CUST165,Keyboard,Accessories,2,1500,North,UPI,3000
ORD0541,2025-07-16 18:09:43.783783,CUST088,Headphones,Accessories,4,3000,East,UPI,12000
ORD0542,2025-07-17 02:54:24.864864,CUST035,Laptop,Electronics,2,60000,South,Credit Card,120000
ORD0543,2025-07-17 11:39:05.945945,CUST158,Mobile,Electronics,5,30000,South,UPI,150000
ORD0544,2025-07-17 20:23:47.027027,CUST144,Laptop,Electronics,2,60000,West,Debit Card,120000
ORD0545,2025-07-18 05:08:28.108108,CUST162,Laptop,Electronics,3,60000,West,Credit Card,180000
ORD0546,2025-07-18 13:53:09.189189,CUST047,Headphones,Accessories,2,3000,North,Debit Card,6000
ORD0547,2025-07-18 22:37:50.270270,CUST179,Mobile,Electronics,1,30000,North,Cash,30000
ORD0548,2025-07-19 07:22:31.351351,CUST014,Keyboard,Accessories,4,1500,West,Cash,6000
ORD0549,2025-07-19 16:07:12.432432,CUST198,Mobile,Electronics,1,30000,South,Credit Card,30000
ORD0550,2025-07-20 00:51:53.513513,CUST017,Laptop,Electronics,1,60000,South,Credit Card,60000
ORD0551,2025-07-20 09:36:34.594594,CUST071,Laptop,Electronics,1,60000,East,Debit Card,60000
ORD0552,2025-07-20 18:21:15.675675,CUST190,Mouse,Accessories,1,800,West,Credit Card,800
ORD0553,2025-07-21 03:05:56.756756,CUST089,Headphones,Accessories,1,3000,East,Cash,3000
ORD0554,2025-07-21 11:50:37.837837,CUST125,Mouse,Accessories,5,800,North,Cash,4000
ORD0555,2025-07-21 20:35:18.918918,CUST156,Headphones,Accessories,5,3000,South,Cash,15000
ORD0556,2025-07-22 05:20:00.000000,CUST147,Mobile,Electronics,5,30000,North,Cash,150000
ORD0557,2025-07-22 14:04:41.081081,CUST120,Laptop,Electronics,3,60000,South,Cash,180000
ORD0558,2025-07-22 22:49:22.162162,CUST089,Tablet,Electronics,4,20000,North,Cash,80000
ORD0559,2025-07-23 07:34:03.243243,CUST133,Laptop,Electronics,2,60000,North,Debit Card,120000
ORD0560,2025-07-23 16:18:44.324324,CUST064,Keyboard,Accessories,4,1500,South,Debit Card,6000
ORD0561,2025-07-24 01:03:25.405405,CUST156,Laptop,Electronics,4,60000,East,Credit Card,240000
ORD0562,2025-07-24 09:48:06.486486,CUST132,Laptop,Electronics,4,60000,West,Debit Card,240000
ORD0563,2025-07-24 18:32:47.567567,CUST150,Keyboard,Accessories,4,1500,East,Credit Card,6000
ORD0564,2025-07-25 03:17:28.648648,CUST188,Mobile,Electronics,2,30000,North,Debit Card,60000
ORD0565,2025-07-25 12:02:09.729729,CUST179,Laptop,Electronics,4,60000,South,Debit Card,240000
ORD0566,2025-07-25 20:46:50.810810,CUST173,Keyboard,Accessories,3,1500,East,Credit Card,4500
ORD0567,2025-07-26 05:31:31.891891,CUST112,Tablet,Electronics,2,20000,East,Credit Card,40000
ORD0568,2025-07-26 14:16:12.972972,CUST150,Keyboard,Accessories,5,1500,East,Credit Card,7500
ORD0569,2025-07-26 23:00:54.054054,CUST152,Tablet,Electronics,3,20000,South,UPI,60000
ORD0570,2025-07-27 07:45:35.135135,CUST192,Mobile,Electronics,4,30000,West,Debit Card,120000
ORD0571,2025-07-27 16:30:16.216216,CUST066,Headphones,Accessories,1,3000,East,UPI,3000
ORD0572,2025-07-28 01:14:57.297297,CUST070,Mouse,Accessories,2,800,North,Credit Card,1600
ORD0573,2025-07-28 09:59:38.378378,CUST093,Mouse,Accessories,3,800,North,Cash,2400
ORD0574,2025-07-28 18:44:19.459459,CUST115,Mouse,Accessories,3,800,North,Credit Card,2400
ORD0575,2025-07-29 03:29:00.540540,CUST041,Tablet,Electronics,1,20000,East,Debit Card,20000
ORD0576,2025-07-29 12:13:41.621621,CUST101,Laptop,Electronics,5,60000,West,Credit Card,300000
ORD0577,2025-07-29 20:58:22.702702,CUST179,Mouse,Accessories,5,800,North,Debit Card,4000
ORD0578,2025-07-30 05:43:03.783783,CUST176,Mobile,Electronics,2,30000,North,Cash,60000
ORD0579,2025-07-30 14:27:44.864864,CUST190,Laptop,Electronics,1,60000,West,UPI,60000
ORD0580,2025-07-30 23:12:25.945945,CUST103,Laptop,Electronics,2,60000,West,Cash,120000
ORD0581,2025-07-31 07:57:07.027027,CUST173,Mobile,Electronics,3,30000,South,Cash,90000
ORD0582,2025-07-31 16:41:48.108108,CUST058,Headphones,Accessories,4,3000,North,Cash,12000
ORD0583,2025-08-01 01:26:29.189189,CUST006,Tablet,Electronics,3,20000,West,Debit Card,60000
ORD0584,2025-08-01 10:11:10.270270,CUST057,Mobile,Electronics,5,30000,South,UPI,150000
ORD0585,2025-08-01 18:55:51.351351,CUST011,Mobile,Electronics,2,30000,North,Cash,60000
ORD0586,2025-08-02 03:40:32.432432,CUST045,Laptop,Electronics,3,60000,North,Debit Card,180000
ORD0587,2025-08-02 12:25:13.513513,CUST192,Mobile,Electronics,4,30000,East,Debit Card,120000
ORD0588,2025-08-02 21:09:54.594594,CUST145,Keyboard,Accessories,2,1500,North,UPI,3000
ORD0589,2025-08-03 05:54:35.675675,CUST002,Tablet,Electronics,3,20000,South,UPI,60000
ORD0590,2025-08-03 14:39:16.756756,CUST144,Laptop,Electronics,4,60000,East,Credit Card,240000
ORD0591,2025-08-03 23:23:57.837837,CUST044,Laptop,Electronics,5,60000,North,Credit Card,300000
ORD0592,2025-08-04 08:08:38.918918,CUST037,Laptop,Electronics,2,60000,West,Credit Card,120000
ORD0593,2025-08-04 16:53:20.000000,CUST170,Headphones,Accessories,4,3000,South,Credit Card,12000
ORD0594,2025-08-05 01:38:01.081081,CUST108,Mouse,Accessories,2,800,West,Cash,1600
ORD0595,2025-08-05 10:22:42.162162,CUST124,Tablet,Electronics,1,20000,South,Debit Card,20000
ORD0596,2025-08-05 19:07:23.243243,CUST125,Tablet,Electronics,3,20000,North,UPI,60000
ORD0597,2025-08-06 03:52:04.324324,CUST157,Mouse,Accessories,1,800,West,Debit Card,800
ORD0598,2025-08-06 12:36:45.405405,CUST021,Mouse,Accessories,1,800,South,Cash,800
ORD0599,2025-08-06 21:21:26.486486,CUST174,Keyboard,Accessories,4,1500,East,UPI,6000
ORD0600,2025-08-07 06:06:07.567567,CUST044,Laptop,Electronics,3,60000,East,Cash,180000
ORD0601,2025-08-07 14:50:48.648648,CUST180,Mobile,Electronics,3,30000,South,UPI,90000
ORD0602,2025-08-07 23:35:29.729729,CUST121,Tablet,Electronics,3,20000,North,Debit Card,60000
ORD0603,2025-08-08 08:20:10.810810,CUST023,Tablet,Electronics,3,20000,West,Credit Card,60000
ORD0604,2025-08-08 17:04:51.891891,CUST168,Mouse,Accessories,4,800,North,Debit Card,3200
ORD0605,2025-08-09 01:49:32.972972,CUST168,Laptop,Electronics,3,60000,South,Credit Card,180000
ORD0606,2025-08-09 10:34:14.054054,CUST068,Tablet,Electronics,3,20000,West,Credit Card,60000
ORD0607,2025-08-09 19:18:55.135135,CUST102,Mouse,Accessories,5,800,East,Credit Card,4000
ORD0608,2025-08-10 04:03:36.216216,CUST041,Mobile,Electronics,4,30000,East,Debit Card,120000
ORD0609,2025-08-10 12:48:17.297297,CUST185,Mouse,Accessories,5,800,North,Cash,4000
ORD0610,2025-08-10 21:32:58.378378,CUST001,Tablet,Electronics,2,20000,East,Cash,40000
ORD0611,2025-08-11 06:17:39.459459,CUST157,Headphones,Accessories,1,3000,North,Cash,3000
ORD0612,2025-08-11 15:02:20.540540,CUST074,Headphones,Accessories,5,3000,West,Debit Card,15000
ORD0613,2025-08-11 23:47:01.621621,CUST077,Keyboard,Accessories,4,1500,North,Debit Card,6000
ORD0614,2025-08-12 08:31:42.702702,CUST017,Tablet,Electronics,5,20000,South,Cash,100000
ORD0615,2025-08-12 17:16:23.783783,CUST142,Headphones,Accessories,5,3000,North,Debit Card,15000
ORD0616,2025-08-13 02:01:04.864864,CUST170,Headphones,Accessories,3,3000,South,Cash,9000
ORD0617,2025-08-13 10:45:45.945945,CUST063,Headphones,Accessories,1,3000,East,Credit Card,3000
ORD0618,2025-08-13 19:30:27.027027,CUST184,Mobile,Electronics,2,30000,East,Cash,60000
ORD0619,2025-08-14 04:15:08.108108,CUST006,Tablet,Electronics,3,20000,South,Cash,60000
ORD0620,2025-08-14 12:59:49.189189,CUST177,Laptop,Electronics,4,60000,East,Credit Card,240000
ORD0621,2025-08-14 21:44:30.270270,CUST114,Headphones,Accessories,1,3000,North,UPI,3000
ORD0622,2025-08-15 06:29:11.351351,CUST184,Tablet,Electronics,5,20000,South,Cash,100000
ORD0623,2025-08-15 15:13:52.432432,CUST163,Headphones,Accessories,4,3000,North,Cash,12000
ORD0624,2025-08-15 23:58:33.513513,CUST134,Tablet,Electronics,1,20000,North,UPI,20000
ORD0625,2025-08-16 08:43:14.594594,CUST119,Tablet,Electronics,1,20000,South,Cash,20000
ORD0626,2025-08-16 17:27:55.675675,CUST127,Mouse,Accessories,3,800,South,UPI,2400
ORD0627,2025-08-17 02:12:36.756756,CUST087,Headphones,Accessories,1,3000,North,Cash,3000
ORD0628,2025-08-17 10:57:17.837837,CUST001,Mouse,Accessories,2,800,East,Credit Card,1600
ORD0629,2025-08-17 19:41:58.918918,CUST192,Tablet,Electronics,3,20000,East,Cash,60000
ORD0630,2025-08-18 04:26:40.000000,CUST173,Mouse,Accessories,2,800,North,Cash,1600
ORD0631,2025-08-18 13:11:21.081081,CUST006,Laptop,Electronics,3,60000,East,Credit Card,180000
ORD0632,2025-08-18 21:56:02.162162,CUST159,Tablet,Electronics,5,20000,South,UPI,100000
ORD0633,2025-08-19 06:40:43.243243,CUST081,Mobile,Electronics,1,30000,South,UPI,30000
ORD0634,2025-08-19 15:25:24.324324,CUST006,Headphones,Accessories,2,3000,South,Credit Card,6000
ORD0635,2025-08-20 00:10:05.405405,CUST062,Mouse,Accessories,4,800,West,UPI,3200
ORD0636,2025-08-20 08:54:46.486486,CUST119,Keyboard,Accessories,3,1500,East,Credit Card,4500
ORD0637,2025-08-20 17:39:27.567567,CUST088,Mobile,Electronics,1,30000,South,Debit Card,30000
ORD0638,2025-08-21 02:24:08.648648,CUST005,Keyboard,Accessories,3,1500,West,Debit Card,4500
ORD0639,2025-08-21 11:08:49.729729,CUST191,Mobile,Electronics,3,30000,West,Credit Card,90000
ORD0640,2025-08-21 19:53:30.810810,CUST186,Keyboard,Accessories,1,1500,East,Credit Card,1500
ORD0641,2025-08-22 04:38:11.891891,CUST121,Mobile,Electronics,5,30000,West,UPI,150000
ORD0642,2025-08-22 13:22:52.972972,CUST097,Headphones,Accessories,1,3000,North,UPI,3000
ORD0643,2025-08-22 22:07:34.054054,CUST118,Keyboard,Accessories,3,1500,West,Cash,4500
ORD0644,2025-08-23 06:52:15.135135,CUST018,Mobile,Electronics,2,30000,East,UPI,60000
ORD0645,2025-08-23 15:36:56.216216,CUST191,Laptop,Electronics,3,60000,South,Credit Card,180000
ORD0646,2025-08-24 00:21:37.297297,CUST194,Keyboard,Accessories,2,1500,South,Credit Card,3000
ORD0647,2025-08-24 09:06:18.378378,CUST022,Mouse,Accessories,1,800,West,Credit Card,800
ORD0648,2025-08-24 17:50:59.459459,CUST155,Mouse,Accessories,5,800,North,UPI,4000
ORD0649,2025-08-25 02:35:40.540540,CUST048,Keyboard,Accessories,3,1500,West,UPI,4500
ORD0650,2025-08-25 11:20:21.621621,CUST090,Mobile,Electronics,3,30000,West,UPI,90000
ORD0651,2025-08-25 20:05:02.702702,CUST199,Headphones,Accessories,3,3000,North,Credit Card,9000
ORD0652,2025-08-26 04:49:43.783783,CUST043,Headphones,Accessories,5,3000,East,UPI,15000
ORD0653,2025-08-26 13:34:24.864864,CUST124,Tablet,Electronics,4,20000,East,Debit Card,80000
ORD0654,2025-08-26 22:19:05.945945,CUST112,Tablet,Electronics,3,20000,South,Credit Card,60000
ORD0655,2025-08-27 07:03:47.027027,CUST033,Mobile,Electronics,4,30000,West,UPI,120000
ORD0656,2025-08-27 15:48:28.108108,CUST179,Laptop,Electronics,5,60000,West,Credit Card,300000
ORD0657,2025-08-28 00:33:09.189189,CUST141,Mobile,Electronics,2,30000,North,UPI,60000
ORD0658,2025-08-28 09:17:50.270270,CUST001,Headphones,Accessories,1,3000,West,UPI,3000
ORD0659,2025-08-28 18:02:31.351351,CUST047,Keyboard,Accessories,3,1500,East,UPI,4500
ORD0660,2025-08-29 02:47:12.432432,CUST020,Mobile,Electronics,2,30000,South,Debit Card,60000
ORD0661,2025-08-29 11:31:53.513513,CUST165,Mobile,Electronics,2,30000,West,Credit Card,60000
ORD0662,2025-08-29 20:16:34.594594,CUST200,Tablet,Electronics,4,20000,North,Cash,80000
ORD0663,2025-08-30 05:01:15.675675,CUST072,Headphones,Accessories,3,3000,North,Cash,9000
ORD0664,2025-08-30 13:45:56.756756,CUST193,Mobile,Electronics,4,30000,West,Credit Card,120000
ORD0665,2025-08-30 22:30:37.837837,CUST159,Tablet,Electronics,2,20000,South,UPI,40000
ORD0666,2025-08-31 07:15:18.918918,CUST127,Headphones,Accessories,2,3000,East,UPI,6000
ORD0667,2025-08-31 16:00:00.000000,CUST200,Headphones,Accessories,5,3000,South,Cash,15000
ORD0668,2025-09-01 00:44:41.081081,CUST111,Mobile,Electronics,3,30000,South,Cash,90000
ORD0669,2025-09-01 09:29:22.162162,CUST104,Mobile,Electronics,2,30000,North,Credit Card,60000
ORD0670,2025-09-01 18:14:03.243243,CUST077,Laptop,Electronics,2,60000,East,Debit Card,120000
ORD0671,2025-09-02 02:58:44.324324,CUST106,Tablet,Electronics,5,20000,South,Cash,100000
ORD0672,2025-09-02 11:43:25.405405,CUST032,Laptop,Electronics,2,60000,West,Cash,120000
ORD0673,2025-09-02 20:28:06.486486,CUST019,Laptop,Electronics,2,60000,South,UPI,120000
ORD0674,2025-09-03 05:12:47.567567,CUST053,Mobile,Electronics,3,30000,North,Debit Card,90000
ORD0675,2025-09-03 13:57:28.648648,CUST110,Tablet,Electronics,5,20000,North,Debit Card,100000
ORD0676,2025-09-03 22:42:09.729729,CUST075,Mouse,Accessories,4,800,West,UPI,3200
ORD0677,2025-09-04 07:26:50.810810,CUST125,Mouse,Accessories,2,800,East,UPI,1600
ORD0678,2025-09-04 16:11:31.891891,CUST039,Tablet,Electronics,2,20000,West,Credit Card,40000
ORD0679,2025-09-05 00:56:12.972972,CUST170,Headphones,Accessories,2,3000,West,Cash,6000
ORD0680,2025-09-05 09:40:54.054054,CUST180,Laptop,Electronics,1,60000,East,Cash,60000
ORD0681,2025-09-05 18:25:35.135135,CUST144,Mobile,Electronics,1,30000,North,Cash,30000
ORD0682,2025-09-06 03:10:16.216216,CUST152,Mouse,Accessories,5,800,South,Credit Card,4000
ORD0683,2025-09-06 11:54:57.297297,CUST075,Mouse,Accessories,4,800,South,Cash,3200
ORD0684,2025-09-06 20:39:38.378378,CUST186,Mobile,Electronics,4,30000,East,Debit Card,120000
ORD0685,2025-09-07 05:24:19.459459,CUST012,Tablet,Electronics,4,20000,North,Cash,80000
ORD0686,2025-09-07 14:09:00.540540,CUST119,Mouse,Accessories,3,800,East,Debit Card,2400
ORD0687,2025-09-07 22:53:41.621621,CUST069,Tablet,Electronics,4,20000,South,Cash,80000
ORD0688,2025-09-08 07:38:22.702702,CUST089,Keyboard,Accessories,4,1500,West,Credit Card,6000
ORD0689,2025-09-08 16:23:03.783783,CUST106,Laptop,Electronics,3,60000,North,Cash,180000
ORD0690,2025-09-09 01:07:44.864864,CUST042,Keyboard,Accessories,2,1500,North,Debit Card,3000
ORD0691,2025-09-09 09:52:25.945945,CUST125,Laptop,Electronics,5,60000,East,UPI,300000
ORD0692,2025-09-09 18:37:07.027027,CUST164,Laptop,Electronics,3,60000,South,Credit Card,180000
ORD0693,2025-09-10 03:21:48.108108,CUST171,Mouse,Accessories,5,800,West,Cash,4000
ORD0694,2025-09-10 12:06:29.189189,CUST163,Mobile,Electronics,3,30000,South,Cash,90000
ORD0695,2025-09-10 20:51:10.270270,CUST191,Headphones,Accessories,1,3000,North,UPI,3000
ORD0696,2025-09-11 05:35:51.351351,CUST199,Laptop,Electronics,4,60000,West,UPI,240000
ORD0697,2025-09-11 14:20:32.432432,CUST019,Tablet,Electronics,4,20000,West,Credit Card,80000
ORD0698,2025-09-11 23:05:13.513513,CUST055,Mobile,Electronics,1,30000,West,Cash,30000
ORD0699,2025-09-12 07:49:54.594594,CUST173,Keyboard,Accessories,3,1500,South,UPI,4500
ORD0700,2025-09-12 16:34:35.675675,CUST012,Tablet,Electronics,4,20000,North,Cash,80000
ORD0701,2025-09-13 01:19:16.756756,CUST068,Tablet,Electronics,1,20000,West,Debit Card,20000
ORD0702,2025-09-13 10:03:57.837837,CUST063,Laptop,Electronics,4,60000,East,Credit Card,240000
ORD0703,2025-09-13 18:48:38.918918,CUST042,Mouse,Accessories,5,800,East,Credit Card,4000
ORD0704,2025-09-14 03:33:20.000000,CUST162,Tablet,Electronics,3,20000,North,UPI,60000
ORD0705,2025-09-14 12:18:01.081081,CUST158,Headphones,Accessories,2,3000,West,Cash,6000
ORD0706,2025-09-14 21:02:42.162162,CUST009,Laptop,Electronics,5,60000,South,UPI,300000
ORD0707,2025-09-15 05:47:23.243243,CUST160,Tablet,Electronics,1,20000,West,Debit Card,20000
ORD0708,2025-09-15 14:32:04.324324,CUST028,Tablet,Electronics,5,20000,North,Debit Card,100000
ORD0709,2025-09-15 23:16:45.405405,CUST167,Keyboard,Accessories,1,1500,East,Credit Card,1500
ORD0710,2025-09-16 08:01:26.486486,CUST034,Keyboard,Accessories,4,1500,North,Debit Card,6000
ORD0711,2025-09-16 16:46:07.567567,CUST149,Mouse,Accessories,2,800,South,UPI,1600
ORD0712,2025-09-17 01:30:48.648648,CUST091,Mouse,Accessories,4,800,West,Debit Card,3200
ORD0713,2025-09-17 10:15:29.729729,CUST123,Laptop,Electronics,4,60000,South,UPI,240000
ORD0714,2025-09-17 19:00:10.810810,CUST010,Mouse,Accessories,5,800,East,Credit Card,4000
ORD0715,2025-09-18 03:44:51.891891,CUST165,Headphones,Accessories,4,3000,East,Credit Card,12000
ORD0716,2025-09-18 12:29:32.972972,CUST021,Mouse,Accessories,3,800,East,Cash,2400
ORD0717,2025-09-18 21:14:14.054054,CUST016,Mouse,Accessories,1,800,South,Credit Card,800
ORD0718,2025-09-19 05:58:55.135135,CUST181,Keyboard,Accessories,3,1500,North,Cash,4500
ORD0719,2025-09-19 14:43:36.216216,CUST176,Laptop,Electronics,3,60000,South,Credit Card,180000
ORD0720,2025-09-19 23:28:17.297297,CUST181,Mobile,Electronics,4,30000,West,Debit Card,120000
ORD0721,2025-09-20 08:12:58.378378,CUST117,Mouse,Accessories,5,800,East,UPI,4000
ORD0722,2025-09-20 16:57:39.459459,CUST055,Laptop,Electronics,1,60000,South,UPI,60000
ORD0723,2025-09-21 01:42:20.540540,CUST005,Headphones,Accessories,2,3000,North,UPI,6000
ORD0724,2025-09-21 10:27:01.621621,CUST011,Mobile,Electronics,5,30000,North,Credit Card,150000
ORD0725,2025-09-21 19:11:42.702702,CUST081,Laptop,Electronics,2,60000,East,Debit Card,120000
ORD0726,2025-09-22 03:56:23.783783,CUST062,Mouse,Accessories,4,800,West,Debit Card,3200
ORD0727,2025-09-22 12:41:04.864864,CUST048,Headphones,Accessories,3,3000,West,Debit Card,9000
ORD0728,2025-09-22 21:25:45.945945,CUST133,Mobile,Electronics,5,30000,East,Cash,150000
ORD0729,2025-09-23 06:10:27.027027,CUST005,Mobile,Electronics,2,30000,North,Debit Card,60000
ORD0730,2025-09-23 14:55:08.108108,CUST175,Mouse,Accessories,4,800,North,Credit Card,3200
ORD0731,2025-09-23 23:39:49.189189,CUST141,Laptop,Electronics,1,60000,West,Cash,60000
ORD0732,2025-09-24 08:24:30.270270,CUST101,Mouse,Accessories,2,800,West,UPI,1600
ORD0733,2025-09-24 17:09:11.351351,CUST099,Tablet,Electronics,5,20000,South,Debit Card,100000
ORD0734,2025-09-25 01:53:52.432432,CUST093,Headphones,Accessories,2,3000,West,Credit Card,6000
ORD0735,2025-09-25 10:38:33.513513,CUST091,Mobile,Electronics,5,30000,East,Cash,150000
ORD0736,2025-09-25 19:23:14.594594,CUST049,Mobile,Electronics,5,30000,East,Debit Card,150000
ORD0737,2025-09-26 04:07:55.675675,CUST110,Laptop,Electronics,2,60000,South,UPI,120000
ORD0738,2025-09-26 12:52:36.756756,CUST141,Tablet,Electronics,3,20000,South,Debit Card,60000
ORD0739,2025-09-26 21:37:17.837837,CUST014,Keyboard,Accessories,2,1500,East,Cash,3000
ORD0740,2025-09-27 06:21:58.918918,CUST177,Keyboard,Accessories,5,1500,North,Cash,7500
ORD0741,2025-09-27 15:06:40.000000,CUST045,Headphones,Accessories,2,3000,East,Debit Card,6000
ORD0742,2025-09-27 23:51:21.081081,CUST127,Mouse,Accessories,1,800,East,UPI,800
ORD0743,2025-09-28 08:36:02.162162,CUST153,Headphones,Accessories,1,3000,South,Credit Card,3000
ORD0744,2025-09-28 17:20:43.243243,CUST042,Mobile,Electronics,4,30000,East,Debit Card,120000
ORD0745,2025-09-29 02:05:24.324324,CUST011,Mouse,Accessories,3,800,North,UPI,2400
ORD0746,2025-09-29 10:50:05.405405,CUST028,Laptop,Electronics,5,60000,North,UPI,300000
ORD0747,2025-09-29 19:34:46.486486,CUST126,Keyboard,Accessories,3,1500,West,Credit Card,4500
ORD0748,2025-09-30 04:19:27.567567,CUST177,Mouse,Accessories,5,800,East,Debit Card,4000
ORD0749,2025-09-30 13:04:08.648648,CUST129,Mobile,Electronics,1,30000,West,Debit Card,30000
ORD0750,2025-09-30 21:48:49.729729,CUST123,Keyboard,Accessories,2,1500,East,Debit Card,3000
ORD0751,2025-10-01 06:33:30.810810,CUST061,Keyboard,Accessories,1,1500,East,Credit Card,1500
ORD0752,2025-10-01 15:18:11.891891,CUST056,Tablet,Electronics,5,20000,West,Credit Card,100000
ORD0753,2025-10-02 00:02:52.972972,CUST143,Mobile,Electronics,4,30000,East,Credit Card,120000
ORD0754,2025-10-02 08:47:34.054054,CUST003,Laptop,Electronics,2,60000,South,Cash,120000
ORD0755,2025-10-02 17:32:15.135135,CUST003,Tablet,Electronics,2,20000,South,Debit Card,40000
ORD0756,2025-10-03 02:16:56.216216,CUST047,Tablet,Electronics,2,20000,South,Debit Card,40000
ORD0757,2025-10-03 11:01:37.297297,CUST003,Mouse,Accessories,5,800,North,Credit Card,4000
ORD0758,2025-10-03 19:46:18.378378,CUST090,Mobile,Electronics,2,30000,West,UPI,60000
ORD0759,2025-10-04 04:30:59.459459,CUST132,Mobile,Electronics,5,30000,East,Cash,150000
ORD0760,2025-10-04 13:15:40.540540,CUST048,Keyboard,Accessories,1,1500,North,UPI,1500
ORD0761,2025-10-04 22:00:21.621621,CUST097,Laptop,Electronics,3,60000,West,Cash,180000
ORD0762,2025-10-05 06:45:02.702702,CUST054,Mouse,Accessories,5,800,West,UPI,4000
ORD0763,2025-10-05 15:29:43.783783,CUST125,Mobile,Electronics,5,30000,West,Debit Card,150000
ORD0764,2025-10-06 00:14:24.864864,CUST182,Tablet,Electronics,3,20000,East,Credit Card,60000
ORD0765,2025-10-06 08:59:05.945945,CUST177,Mobile,Electronics,3,30000,East,Credit Card,90000
ORD0766,2025-10-06 17:43:47.027027,CUST124,Tablet,Electronics,2,20000,North,Credit Card,40000
ORD0767,2025-10-07 02:28:28.108108,CUST035,Laptop,Electronics,2,60000,South,Cash,120000
ORD0768,2025-10-07 11:13:09.189189,CUST186,Tablet,Electronics,4,20000,East,Cash,80000
ORD0769,2025-10-07 19:57:50.270270,CUST117,Mobile,Electronics,4,30000,South,Credit Card,120000
ORD0770,2025-10-08 04:42:31.351351,CUST034,Headphones,Accessories,3,3000,North,Debit Card,9000
ORD0771,2025-10-08 13:27:12.432432,CUST196,Headphones,Accessories,2,3000,South,Credit Card,6000
ORD0772,2025-10-08 22:11:53.513513,CUST046,Laptop,Electronics,1,60000,South,Credit Card,60000
ORD0773,2025-10-09 06:56:34.594594,CUST070,Laptop,Electronics,3,60000,South,UPI,180000
ORD0774,2025-10-09 15:41:15.675675,CUST037,Laptop,Electronics,3,60000,North,Cash,180000
ORD0775,2025-10-10 00:25:56.756756,CUST029,Tablet,Electronics,2,20000,West,Credit Card,40000
ORD0776,2025-10-10 09:10:37.837837,CUST073,Keyboard,Accessories,5,1500,North,Credit Card,7500
ORD0777,2025-10-10 17:55:18.918918,CUST158,Laptop,Electronics,1,60000,West,Cash,60000
ORD0778,2025-10-11 02:40:00.000000,CUST108,Headphones,Accessories,4,3000,South,Cash,12000
ORD0779,2025-10-11 11:24:41.081081,CUST086,Tablet,Electronics,1,20000,West,Debit Card,20000
ORD0780,2025-10-11 20:09:22.162162,CUST007,Mobile,Electronics,4,30000,South,Debit Card,120000
ORD0781,2025-10-12 04:54:03.243243,CUST088,Mobile,Electronics,3,30000,West,Cash,90000
ORD0782,2025-10-12 13:38:44.324324,CUST099,Mouse,Accessories,3,800,North,UPI,2400
ORD0783,2025-10-12 22:23:25.405405,CUST084,Keyboard,Accessories,5,1500,South,Debit Card,7500
ORD0784,2025-10-13 07:08:06.486486,CUST198,Tablet,Electronics,2,20000,North,Credit Card,40000
ORD0785,2025-10-13 15:52:47.567567,CUST127,Headphones,Accessories,4,3000,West,Debit Card,12000
ORD0786,2025-10-14 00:37:28.648648,CUST004,Laptop,Electronics,2,60000,South,Debit Card,120000
ORD0787,2025-10-14 09:22:09.729729,CUST047,Headphones,Accessories,3,3000,East,Debit Card,9000
ORD0788,2025-10-14 18:06:50.810810,CUST192,Tablet,Electronics,5,20000,South,Debit Card,100000
ORD0789,2025-10-15 02:51:31.891891,CUST129,Tablet,Electronics,3,20000,West,UPI,60000
ORD0790,2025-10-15 11:36:12.972972,CUST127,Tablet,Electronics,3,20000,West,Debit Card,60000
ORD0791,2025-10-15 20:20:54.054054,CUST109,Mouse,Accessories,5,800,North,Cash,4000
ORD0792,2025-10-16 05:05:35.135135,CUST151,Keyboard,Accessories,3,1500,South,Debit Card,4500
ORD0793,2025-10-16 13:50:16.216216,CUST165,Laptop,Electronics,3,60000,North,UPI,180000
ORD0794,2025-10-16 22:34:57.297297,CUST021,Tablet,Electronics,3,20000,South,Cash,60000
ORD0795,2025-10-17 07:19:38.378378,CUST095,Tablet,Electronics,2,20000,North,Credit Card,40000
ORD0796,2025-10-17 16:04:19.459459,CUST057,Mouse,Accessories,5,800,East,Cash,4000
ORD0797,2025-10-18 00:49:00.540540,CUST157,Headphones,Accessories,3,3000,North,Cash,9000
ORD0798,2025-10-18 09:33:41.621621,CUST157,Keyboard,Accessories,4,1500,North,Credit Card,6000
ORD0799,2025-10-18 18:18:22.702702,CUST128,Tablet,Electronics,3,20000,West,Cash,60000
ORD0800,2025-10-19 03:03:03.783783,CUST140,Mobile,Electronics,4,30000,West,Debit Card,120000
ORD0801,2025-10-19 11:47:44.864864,CUST158,Mobile,Electronics,2,30000,East,Cash,60000
ORD0802,2025-10-19 20:32:25.945945,CUST044,Mouse,Accessories,4,800,South,Cash,3200
ORD0803,2025-10-20 05:17:07.027027,CUST167,Headphones,Accessories,5,3000,South,Cash,15000
ORD0804,2025-10-20 14:01:48.108108,CUST016,Mobile,Electronics,2,30000,North,UPI,60000
ORD0805,2025-10-20 22:46:29.189189,CUST088,Tablet,Electronics,4,20000,West,Cash,80000
ORD0806,2025-10-21 07:31:10.270270,CUST124,Mobile,Electronics,4,30000,North,UPI,120000
ORD0807,2025-10-21 16:15:51.351351,CUST035,Mouse,Accessories,3,800,East,Debit Card,2400
ORD0808,2025-10-22 01:00:32.432432,CUST058,Tablet,Electronics,4,20000,North,Cash,80000
ORD0809,2025-10-22 09:45:13.513513,CUST030,Mobile,Electronics,1,30000,North,Debit Card,30000
ORD0810,2025-10-22 18:29:54.594594,CUST119,Laptop,Electronics,5,60000,North,UPI,300000
ORD0811,2025-10-23 03:14:35.675675,CUST148,Tablet,Electronics,2,20000,East,Credit Card,40000
ORD0812,2025-10-23 11:59:16.756756,CUST101,Keyboard,Accessories,1,1500,East,UPI,1500
ORD0813,2025-10-23 20:43:57.837837,CUST064,Mouse,Accessories,5,800,East,Credit Card,4000
ORD0814,2025-10-24 05:28:38.918918,CUST099,Mobile,Electronics,2,30000,North,UPI,60000
ORD0815,2025-10-24 14:13:20.000000,CUST086,Tablet,Electronics,4,20000,North,Cash,80000
ORD0816,2025-10-24 22:58:01.081081,CUST070,Mouse,Accessories,4,800,East,Debit Card,3200
ORD0817,2025-10-25 07:42:42.162162,CUST146,Keyboard,Accessories,3,1500,West,Cash,4500
ORD0818,2025-10-25 16:27:23.243243,CUST130,Mouse,Accessories,5,800,South,Cash,4000
ORD0819,2025-10-26 01:12:04.324324,CUST199,Headphones,Accessories,5,3000,South,Credit Card,15000
ORD0820,2025-10-26 09:56:45.405405,CUST149,Keyboard,Accessories,2,1500,North,UPI,3000
ORD0821,2025-10-26 18:41:26.486486,CUST104,Mobile,Electronics,1,30000,South,Credit Card,30000
ORD0822,2025-10-27 03:26:07.567567,CUST036,Mouse,Accessories,2,800,West,Debit Card,1600
ORD0823,2025-10-27 12:10:48.648648,CUST156,Headphones,Accessories,1,3000,South,UPI,3000
ORD0824,2025-10-27 20:55:29.729729,CUST074,Tablet,Electronics,4,20000,West,Credit Card,80000
ORD0825,2025-10-28 05:40:10.810810,CUST064,Mouse,Accessories,5,800,North,UPI,4000
ORD0826,2025-10-28 14:24:51.891891,CUST184,Laptop,Electronics,2,60000,West,UPI,120000
ORD0827,2025-10-28 23:09:32.972972,CUST123,Mouse,Accessories,3,800,North,Credit Card,2400
ORD0828,2025-10-29 07:54:14.054054,CUST188,Tablet,Electronics,1,20000,North,Credit Card,20000
ORD0829,2025-10-29 16:38:55.135135,CUST050,Headphones,Accessories,2,3000,North,Cash,6000
ORD0830,2025-10-30 01:23:36.216216,CUST072,Mobile,Electronics,1,30000,East,Credit Card,30000
ORD0831,2025-10-30 10:08:17.297297,CUST052,Headphones,Accessories,5,3000,South,Cash,15000
ORD0832,2025-10-30 18:52:58.378378,CUST154,Mobile,Electronics,2,30000,West,Credit Card,60000
ORD0833,2025-10-31 03:37:39.459459,CUST105,Laptop,Electronics,5,60000,North,Cash,300000
ORD0834,2025-10-31 12:22:20.540540,CUST197,Mobile,Electronics,4,30000,North,Debit Card,120000
ORD0835,2025-10-31 21:07:01.621621,CUST168,Headphones,Accessories,2,3000,East,Credit Card,6000
ORD0836,2025-11-01 05:51:42.702702,CUST056,Headphones,Accessories,3,3000,South,Credit Card,9000
ORD0837,2025-11-01 14:36:23.783783,CUST178,Laptop,Electronics,4,60000,West,Cash,240000
ORD0838,2025-11-01 23:21:04.864864,CUST169,Keyboard,Accessories,2,1500,South,Credit Card,3000
ORD0839,2025-11-02 08:05:45.945945,CUST020,Laptop,Electronics,4,60000,South,Debit Card,240000
ORD0840,2025-11-02 16:50:27.027027,CUST034,Mobile,Electronics,5,30000,East,Cash,150000
ORD0841,2025-11-03 01:35:08.108108,CUST095,Mouse,Accessories,1,800,North,Credit Card,800
ORD0842,2025-11-03 10:19:49.189189,CUST180,Tablet,Electronics,5,20000,North,Cash,100000
ORD0843,2025-11-03 19:04:30.270270,CUST176,Tablet,Electronics,4,20000,East,Cash,80000
ORD0844,2025-11-04 03:49:11.351351,CUST040,Keyboard,Accessories,3,1500,North,UPI,4500
ORD0845,2025-11-04 12:33:52.432432,CUST140,Mouse,Accessories,3,800,North,Debit Card,2400
ORD0846,2025-11-04 21:18:33.513513,CUST013,Tablet,Electronics,2,20000,West,Cash,40000
ORD0847,2025-11-05 06:03:14.594594,CUST117,Headphones,Accessories,5,3000,South,Credit Card,15000
ORD0848,2025-11-05 14:47:55.675675,CUST004,Keyboard,Accessories,1,1500,East,UPI,1500
ORD0849,2025-11-05 23:32:36.756756,CUST044,Headphones,Accessories,4,3000,South,Debit Card,12000
ORD0850,2025-11-06 08:17:17.837837,CUST187,Tablet,Electronics,3,20000,North,UPI,60000
ORD0851,2025-11-06 17:01:58.918918,CUST162,Keyboard,Accessories,3,1500,West,Debit Card,4500
ORD0852,2025-11-07 01:46:40.000000,CUST116,Keyboard,Accessories,4,1500,East,Debit Card,6000
ORD0853,2025-11-07 10:31:21.081081,CUST121,Mouse,Accessories,1,800,North,Cash,800
ORD0854,2025-11-07 19:16:02.162162,CUST084,Headphones,Accessories,5,3000,West,Debit Card,15000
ORD0855,2025-11-08 04:00:43.243243,CUST107,Mobile,Electronics,3,30000,East,Debit Card,90000
ORD0856,2025-11-08 12:45:24.324324,CUST185,Laptop,Electronics,4,60000,South,Cash,240000
ORD0857,2025-11-08 21:30:05.405405,CUST129,Mouse,Accessories,5,800,North,UPI,4000
ORD0858,2025-11-09 06:14:46.486486,CUST051,Laptop,Electronics,3,60000,East,UPI,180000
ORD0859,2025-11-09 14:59:27.567567,CUST125,Headphones,Accessories,5,3000,South,Cash,15000
ORD0860,2025-11-09 23:44:08.648648,CUST006,Headphones,Accessories,2,3000,North,UPI,6000
ORD0861,2025-11-10 08:28:49.729729,CUST178,Headphones,Accessories,3,3000,West,Credit Card,9000
ORD0862,2025-11-10 17:13:30.810810,CUST111,Tablet,Electronics,4,20000,East,Debit Card,80000
ORD0863,2025-11-11 01:58:11.891891,CUST130,Mobile,Electronics,3,30000,East,Cash,90000
ORD0864,2025-11-11 10:42:52.972972,CUST188,Headphones,Accessories,2,3000,West,Credit Card,6000
ORD0865,2025-11-11 19:27:34.054054,CUST002,Mouse,Accessories,4,800,South,UPI,3200
ORD0866,2025-11-12 04:12:15.135135,CUST189,Mouse,Accessories,1,800,North,Credit Card,800
ORD0867,2025-11-12 12:56:56.216216,CUST079,Mouse,Accessories,3,800,South,Debit Card,2400
ORD0868,2025-11-12 21:41:37.297297,CUST069,Headphones,Accessories,2,3000,South,Credit Card,6000
ORD0869,2025-11-13 06:26:18.378378,CUST014,Laptop,Electronics,3,60000,South,Cash,180000
ORD0870,2025-11-13 15:10:59.459459,CUST179,Headphones,Accessories,4,3000,East,UPI,12000
ORD0871,2025-11-13 23:55:40.540540,CUST143,Mobile,Electronics,3,30000,North,Debit Card,90000
ORD0872,2025-11-14 08:40:21.621621,CUST131,Keyboard,Accessories,4,1500,North,Credit Card,6000
ORD0873,2025-11-14 17:25:02.702702,CUST126,Headphones,Accessories,2,3000,North,Debit Card,6000
ORD0874,2025-11-15 02:09:43.783783,CUST016,Keyboard,Accessories,2,1500,North,UPI,3000
ORD0875,2025-11-15 10:54:24.864864,CUST146,Keyboard,Accessories,5,1500,West,Credit Card,7500
ORD0876,2025-11-15 19:39:05.945945,CUST151,Headphones,Accessories,2,3000,North,Cash,6000
ORD0877,2025-11-16 04:23:47.027027,CUST070,Mobile,Electronics,1,30000,North,Credit Card,30000
ORD0878,2025-11-16 13:08:28.108108,CUST143,Keyboard,Accessories,3,1500,South,Debit Card,4500
ORD0879,2025-11-16 21:53:09.189189,CUST164,Mobile,Electronics,2,30000,West,Debit Card,60000
ORD0880,2025-11-17 06:37:50.270270,CUST181,Keyboard,Accessories,4,1500,North,Cash,6000
ORD0881,2025-11-17 15:22:31.351351,CUST148,Laptop,Electronics,3,60000,South,Debit Card,180000
ORD0882,2025-11-18 00:07:12.432432,CUST123,Keyboard,Accessories,2,1500,East,Cash,3000
ORD0883,2025-11-18 08:51:53.513513,CUST148,Laptop,Electronics,5,60000,North,Debit Card,300000
ORD0884,2025-11-18 17:36:34.594594,CUST046,Mouse,Accessories,2,800,South,Credit Card,1600
ORD0885,2025-11-19 02:21:15.675675,CUST129,Laptop,Electronics,4,60000,South,Cash,240000
ORD0886,2025-11-19 11:05:56.756756,CUST130,Headphones,Accessories,1,3000,North,Credit Card,3000
ORD0887,2025-11-19 19:50:37.837837,CUST200,Laptop,Electronics,5,60000,East,UPI,300000
ORD0888,2025-11-20 04:35:18.918918,CUST042,Mouse,Accessories,3,800,West,Debit Card,2400
ORD0889,2025-11-20 13:20:00.000000,CUST100,Laptop,Electronics,2,60000,South,Debit Card,120000
ORD0890,2025-11-20 22:04:41.081081,CUST114,Laptop,Electronics,3,60000,South,UPI,180000
ORD0891,2025-11-21 06:49:22.162162,CUST188,Tablet,Electronics,5,20000,South,UPI,100000
ORD0892,2025-11-21 15:34:03.243243,CUST093,Mouse,Accessories,1,800,West,Credit Card,800
ORD0893,2025-11-22 00:18:44.324324,CUST113,Mobile,Electronics,3,30000,East,Debit Card,90000
ORD0894,2025-11-22 09:03:25.405405,CUST172,Mouse,Accessories,3,800,West,Cash,2400
ORD0895,2025-11-22 17:48:06.486486,CUST031,Tablet,Electronics,2,20000,East,UPI,40000
ORD0896,2025-11-23 02:32:47.567567,CUST155,Laptop,Electronics,3,60000,North,Credit Card,180000
ORD0897,2025-11-23 11:17:28.648648,CUST107,Mobile,Electronics,1,30000,South,Debit Card,30000
ORD0898,2025-11-23 20:02:09.729729,CUST122,Keyboard,Accessories,1,1500,South,UPI,1500
ORD0899,2025-11-24 04:46:50.810810,CUST012,Keyboard,Accessories,2,1500,North,UPI,3000
ORD0900,2025-11-24 13:31:31.891891,CUST136,Mobile,Electronics,2,30000,West,Cash,60000
ORD0901,2025-11-24 22:16:12.972972,CUST200,Headphones,Accessories,3,3000,North,Cash,9000
ORD0902,2025-11-25 07:00:54.054054,CUST116,Mouse,Accessories,4,800,North,UPI,3200
ORD0903,2025-11-25 15:45:35.135135,CUST065,Mouse,Accessories,3,800,West,Credit Card,2400
ORD0904,2025-11-26 00:30:16.216216,CUST063,Headphones,Accessories,2,3000,North,Debit Card,6000
ORD0905,2025-11-26 09:14:57.297297,CUST002,Mobile,Electronics,2,30000,West,Cash,60000
ORD0906,2025-11-26 17:59:38.378378,CUST025,Tablet,Electronics,1,20000,West,UPI,20000
ORD0907,2025-11-27 02:44:19.459459,CUST014,Mobile,Electronics,3,30000,South,Credit Card,90000
ORD0908,2025-11-27 11:29:00.540540,CUST152,Mouse,Accessories,2,800,South,Debit Card,1600
ORD0909,2025-11-27 20:13:41.621621,CUST055,Mobile,Electronics,1,30000,West,Credit Card,30000
ORD0910,2025-11-28 04:58:22.702702,CUST114,Mobile,Electronics,1,30000,East,Credit Card,30000
ORD0911,2025-11-28 13:43:03.783783,CUST183,Keyboard,Accessories,4,1500,West,Cash,6000
ORD0912,2025-11-28 22:27:44.864864,CUST001,Keyboard,Accessories,1,1500,East,Credit Card,1500
ORD0913,2025-11-29 07:12:25.945945,CUST195,Keyboard,Accessories,2,1500,East,UPI,3000
ORD0914,2025-11-29 15:57:07.027027,CUST049,Mobile,Electronics,3,30000,South,Credit Card,90000
ORD0915,2025-11-30 00:41:48.108108,CUST139,Keyboard,Accessories,4,1500,West,Cash,6000
ORD0916,2025-11-30 09:26:29.189189,CUST109,Mobile,Electronics,3,30000,West,Debit Card,90000
ORD0917,2025-11-30 18:11:10.270270,CUST069,Keyboard,Accessories,3,1500,North,UPI,4500
ORD0918,2025-12-01 02:55:51.351351,CUST120,Headphones,Accessories,1,3000,East,Cash,3000
ORD0919,2025-12-01 11:40:32.432432,CUST076,Mobile,Electronics,1,30000,South,UPI,30000
ORD0920,2025-12-01 20:25:13.513513,CUST029,Mouse,Accessories,4,800,North,Cash,3200
ORD0921,2025-12-02 05:09:54.594594,CUST178,Tablet,Electronics,2,20000,South,Cash,40000
ORD0922,2025-12-02 13:54:35.675675,CUST031,Mouse,Accessories,2,800,West,Cash,1600
ORD0923,2025-12-02 22:39:16.756756,CUST056,Mobile,Electronics,4,30000,West,Debit Card,120000
ORD0924,2025-12-03 07:23:57.837837,CUST177,Mobile,Electronics,3,30000,West,Debit Card,90000
ORD0925,2025-12-03 16:08:38.918918,CUST010,Mobile,Electronics,3,30000,North,Debit Card,90000
ORD0926,2025-12-04 00:53:20.000000,CUST151,Headphones,Accessories,2,3000,West,Debit Card,6000
ORD0927,2025-12-04 09:38:01.081081,CUST175,Tablet,Electronics,4,20000,North,Credit Card,80000
ORD0928,2025-12-04 18:22:42.162162,CUST074,Tablet,Electronics,3,20000,West,Credit Card,60000
ORD0929,2025-12-05 03:07:23.243243,CUST098,Headphones,Accessories,5,3000,South,Credit Card,15000
ORD0930,2025-12-05 11:52:04.324324,CUST089,Tablet,Electronics,5,20000,South,Cash,100000
ORD0931,2025-12-05 20:36:45.405405,CUST193,Tablet,Electronics,1,20000,North,UPI,20000
ORD0932,2025-12-06 05:21:26.486486,CUST146,Keyboard,Accessories,2,1500,North,Cash,3000
ORD0933,2025-12-06 14:06:07.567567,CUST147,Headphones,Accessories,5,3000,East,Cash,15000
ORD0934,2025-12-06 22:50:48.648648,CUST102,Keyboard,Accessories,1,1500,South,Debit Card,1500
ORD0935,2025-12-07 07:35:29.729729,CUST013,Headphones,Accessories,5,3000,South,Debit Card,15000
ORD0936,2025-12-07 16:20:10.810810,CUST135,Headphones,Accessories,1,3000,East,Credit Card,3000
ORD0937,2025-12-08 01:04:51.891891,CUST035,Tablet,Electronics,5,20000,North,Cash,100000
ORD0938,2025-12-08 09:49:32.972972,CUST162,Mobile,Electronics,1,30000,South,Debit Card,30000
ORD0939,2025-12-08 18:34:14.054054,CUST069,Headphones,Accessories,4,3000,East,UPI,12000
ORD0940,2025-12-09 03:18:55.135135,CUST097,Mobile,Electronics,4,30000,South,Credit Card,120000
ORD0941,2025-12-09 12:03:36.216216,CUST158,Tablet,Electronics,2,20000,South,Debit Card,40000
ORD0942,2025-12-09 20:48:17.297297,CUST181,Tablet,Electronics,3,20000,East,Credit Card,60000
ORD0943,2025-12-10 05:32:58.378378,CUST193,Laptop,Electronics,2,60000,North,Debit Card,120000
ORD0944,2025-12-10 14:17:39.459459,CUST033,Mobile,Electronics,5,30000,West,UPI,150000
ORD0945,2025-12-10 23:02:20.540540,CUST054,Keyboard,Accessories,2,1500,North,Debit Card,3000
ORD0946,2025-12-11 07:47:01.621621,CUST191,Mouse,Accessories,1,800,East,Credit Card,800
ORD0947,2025-12-11 16:31:42.702702,CUST148,Keyboard,Accessories,4,1500,West,Debit Card,6000
ORD0948,2025-12-12 01:16:23.783783,CUST007,Laptop,Electronics,5,60000,West,UPI,300000
ORD0949,2025-12-12 10:01:04.864864,CUST174,Tablet,Electronics,5,20000,East,Credit Card,100000
ORD0950,2025-12-12 18:45:45.945945,CUST067,Tablet,Electronics,1,20000,East,UPI,20000
ORD0951,2025-12-13 03:30:27.027027,CUST069,Mouse,Accessories,4,800,South,Credit Card,3200
ORD0952,2025-12-13 12:15:08.108108,CUST113,Mobile,Electronics,1,30000,West,Debit Card,30000
ORD0953,2025-12-13 20:59:49.189189,CUST164,Headphones,Accessories,1,3000,West,UPI,3000
ORD0954,2025-12-14 05:44:30.270270,CUST185,Mobile,Electronics,2,30000,South,UPI,60000
ORD0955,2025-12-14 14:29:11.351351,CUST006,Keyboard,Accessories,2,1500,East,UPI,3000
ORD0956,2025-12-14 23:13:52.432432,CUST023,Laptop,Electronics,2,60000,West,UPI,120000
ORD0957,2025-12-15 07:58:33.513513,CUST017,Tablet,Electronics,3,20000,North,Credit Card,60000
ORD0958,2025-12-15 16:43:14.594594,CUST184,Headphones,Accessories,5,3000,North,UPI,15000
ORD0959,2025-12-16 01:27:55.675675,CUST175,Keyboard,Accessories,3,1500,North,UPI,4500
ORD0960,2025-12-16 10:12:36.756756,CUST199,Mobile,Electronics,5,30000,North,Credit Card,150000
ORD0961,2025-12-16 18:57:17.837837,CUST049,Laptop,Electronics,4,60000,North,Cash,240000
ORD0962,2025-12-17 03:41:58.918918,CUST023,Keyboard,Accessories,2,1500,West,Debit Card,3000
ORD0963,2025-12-17 12:26:40.000000,CUST069,Keyboard,Accessories,3,1500,South,UPI,4500
ORD0964,2025-12-17 21:11:21.081081,CUST013,Laptop,Electronics,5,60000,South,Cash,300000
ORD0965,2025-12-18 05:56:02.162162,CUST091,Headphones,Accessories,4,3000,South,Credit Card,12000
ORD0966,2025-12-18 14:40:43.243243,CUST114,Mouse,Accessories,5,800,East,Cash,4000
ORD0967,2025-12-18 23:25:24.324324,CUST174,Keyboard,Accessories,2,1500,East,Credit Card,3000
ORD0968,2025-12-19 08:10:05.405405,CUST032,Mobile,Electronics,3,30000,South,UPI,90000
ORD0969,2025-12-19 16:54:46.486486,CUST083,Laptop,Electronics,5,60000,South,UPI,300000
ORD0970,2025-12-20 01:39:27.567567,CUST110,Headphones,Accessories,1,3000,East,Cash,3000
ORD0971,2025-12-20 10:24:08.648648,CUST092,Headphones,Accessories,3,3000,East,UPI,9000
ORD0972,2025-12-20 19:08:49.729729,CUST077,Keyboard,Accessories,5,1500,South,UPI,7500
ORD0973,2025-12-21 03:53:30.810810,CUST076,Tablet,Electronics,5,20000,West,Credit Card,100000
ORD0974,2025-12-21 12:38:11.891891,CUST010,Mobile,Electronics,5,30000,South,Debit Card,150000
ORD0975,2025-12-21 21:22:52.972972,CUST052,Mobile,Electronics,2,30000,South,Cash,60000
ORD0976,2025-12-22 06:07:34.054054,CUST113,Tablet,Electronics,2,20000,South,UPI,40000
ORD0977,2025-12-22 14:52:15.135135,CUST169,Headphones,Accessories,2,3000,East,Cash,6000
ORD0978,2025-12-22 23:36:56.216216,CUST090,Mouse,Accessories,2,800,South,Credit Card,1600
ORD0979,2025-12-23 08:21:37.297297,CUST053,Mouse,Accessories,1,800,East,Debit Card,800
ORD0980,2025-12-23 17:06:18.378378,CUST195,Headphones,Accessories,3,3000,North,Cash,9000
ORD0981,2025-12-24 01:50:59.459459,CUST058,Tablet,Electronics,2,20000,West,Credit Card,40000
ORD0982,2025-12-24 10:35:40.540540,CUST094,Mobile,Electronics,5,30000,East,Cash,150000
ORD0983,2025-12-24 19:20:21.621621,CUST142,Keyboard,Accessories,2,1500,East,Credit Card,3000
ORD0984,2025-12-25 04:05:02.702702,CUST047,Laptop,Electronics,2,60000,North,Cash,120000
ORD0985,2025-12-25 12:49:43.783783,CUST100,Headphones,Accessories,3,3000,West,Debit Card,9000
ORD0986,2025-12-25 21:34:24.864864,CUST161,Laptop,Electronics,4,60000,West,Debit Card,240000
ORD0987,2025-12-26 06:19:05.945945,CUST061,Mouse,Accessories,1,800,West,Cash,800
ORD0988,2025-12-26 15:03:47.027027,CUST147,Keyboard,Accessories,2,1500,North,Debit Card,3000
ORD0989,2025-12-26 23:48:28.108108,CUST094,Mouse,Accessories,2,800,West,Debit Card,1600
ORD0990,2025-12-27 08:33:09.189189,CUST190,Keyboard,Accessories,1,1500,South,Cash,1500
ORD0991,2025-12-27 17:17:50.270270,CUST100,Laptop,Electronics,3,60000,East,Credit Card,180000
ORD0992,2025-12-28 02:02:31.351351,CUST102,Tablet,Electronics,5,20000,West,Debit Card,100000
ORD0993,2025-12-28 10:47:12.432432,CUST066,Tablet,Electronics,5,20000,South,Debit Card,100000
ORD0994,2025-12-28 19:31:53.513513,CUST092,Keyboard,Accessories,2,1500,East,UPI,3000
ORD0995,2025-12-29 04:16:34.594594,CUST171,Mobile,Electronics,5,30000,West,Debit Card,150000
ORD0996,2025-12-29 13:01:15.675675,CUST141,Laptop,Electronics,5,60000,West,UPI,300000
ORD0997,2025-12-29 21:45:56.756756,CUST028,Headphones,Accessories,4,3000,South,Cash,12000
ORD0998,2025-12-30 06:30:37.837837,CUST105,Headphones,Accessories,5,3000,East,UPI,15000
ORD0999,2025-12-30 15:15:18.918918,CUST177,Keyboard,Accessories,3,1500,West,Debit Card,4500
ORD1000,2025-12-31 00:00:00.000000,CUST037,Headphones,Accessories,2,3000,West,UPI,6000
